,time,variable,value,name,iteration
0,0.0,sensor-RaplKey (PackageID 0),0.0,pcap60,0
1,1002389.0,sensor-RaplKey (PackageID 0),18.095962000000327,pcap60,0
2,2001055.5,sensor-RaplKey (PackageID 0),18.591870999999628,pcap60,0
3,3000448.25,sensor-RaplKey (PackageID 0),18.40217500000017,pcap60,0
4,4001305.5,sensor-RaplKey (PackageID 0),18.470350000000508,pcap60,0
5,5000462.75,sensor-RaplKey (PackageID 0),18.38972399999966,pcap60,0
6,6001110.5,sensor-RaplKey (PackageID 0),18.28089799999998,pcap60,0
7,7000578.0,sensor-RaplKey (PackageID 0),17.883743000000322,pcap60,0
8,8002082.5,sensor-RaplKey (PackageID 0),18.04603599999973,pcap60,0
9,9001256.25,sensor-RaplKey (PackageID 0),17.678603999999723,pcap60,0
10,10000525.25,sensor-RaplKey (PackageID 0),17.592179000000215,pcap60,0
11,11000342.25,sensor-RaplKey (PackageID 0),17.406938000000082,pcap60,0
12,12000532.0,sensor-RaplKey (PackageID 0),17.9120640000001,pcap60,0
13,13000961.75,sensor-RaplKey (PackageID 0),18.108718000000408,pcap60,0
14,14000666.25,sensor-RaplKey (PackageID 0),16.989152999999533,pcap60,0
15,15002309.75,sensor-RaplKey (PackageID 0),16.905413000000408,pcap60,0
16,16000398.25,sensor-RaplKey (PackageID 0),17.602860999999393,pcap60,0
17,17000834.75,sensor-RaplKey (PackageID 0),16.155598000000282,pcap60,0
18,18000660.25,sensor-RaplKey (PackageID 0),17.361039999999775,pcap60,0
19,19002024.75,sensor-RaplKey (PackageID 0),17.733353000000534,pcap60,0
20,20000506.5,sensor-RaplKey (PackageID 0),16.690324999999575,pcap60,0
0,3386896.75,sensor-Downstream,4927264949.0,pcap60,0
1,4384641.75,sensor-Downstream,4619954608.0,pcap60,0
2,5385033.25,sensor-Downstream,4735176419.0,pcap60,0
3,6399412.25,sensor-Downstream,4834533559.0,pcap60,0
4,7399815.25,sensor-Downstream,4717036184.0,pcap60,0
5,8399700.25,sensor-Downstream,4881927521.0,pcap60,0
6,9400609.0,sensor-Downstream,4728968362.0,pcap60,0
7,10400469.5,sensor-Downstream,3406619859.0,pcap60,0
8,11402262.0,sensor-Downstream,3644594192.0,pcap60,0
9,12400174.0,sensor-Downstream,3586676020.0,pcap60,0
10,13403609.25,sensor-Downstream,3596467503.0,pcap60,0
11,14397738.25,sensor-Downstream,3635076527.0,pcap60,0
12,15402896.5,sensor-Downstream,3558959044.0,pcap60,0
13,16401584.5,sensor-Downstream,3313363134.0,pcap60,0
14,17399764.75,sensor-Downstream,3630697066.0,pcap60,0
15,18410336.5,sensor-Downstream,3641863511.0,pcap60,0
16,19410209.75,sensor-Downstream,3578172329.0,pcap60,0
17,20269970.75,sensor-Downstream,3763831738.0,pcap60,0
0,0.0,sensor-RaplKey (PackageID 0),0.0,pcap75,0
1,1000174.0,sensor-RaplKey (PackageID 0),15.853718999999728,pcap75,0
2,2001461.0,sensor-RaplKey (PackageID 0),17.875930999999582,pcap75,0
3,3001358.0,sensor-RaplKey (PackageID 0),17.653519000000415,pcap75,0
4,4001090.75,sensor-RaplKey (PackageID 0),17.596574000000146,pcap75,0
5,5000305.0,sensor-RaplKey (PackageID 0),18.043899000000238,pcap75,0
6,6000121.5,sensor-RaplKey (PackageID 0),16.74751599999945,pcap75,0
7,7000128.0,sensor-RaplKey (PackageID 0),17.769424000000072,pcap75,0
8,7999499.75,sensor-RaplKey (PackageID 0),17.471268999999666,pcap75,0
9,8999676.0,sensor-RaplKey (PackageID 0),17.419389000000592,pcap75,0
10,10001452.5,sensor-RaplKey (PackageID 0),19.745616000000155,pcap75,0
11,11000047.25,sensor-RaplKey (PackageID 0),17.885451999999532,pcap75,0
12,11999967.5,sensor-RaplKey (PackageID 0),17.66145400000005,pcap75,0
13,12999959.0,sensor-RaplKey (PackageID 0),17.079789999999775,pcap75,0
14,14000244.0,sensor-RaplKey (PackageID 0),17.084796000000097,pcap75,0
15,15000552.0,sensor-RaplKey (PackageID 0),17.44966199999999,pcap75,0
16,15999543.75,sensor-RaplKey (PackageID 0),17.249590000000353,pcap75,0
17,17007211.5,sensor-RaplKey (PackageID 0),17.526748999999654,pcap75,0
18,17999727.0,sensor-RaplKey (PackageID 0),16.745684999999867,pcap75,0
19,19000510.25,sensor-RaplKey (PackageID 0),16.901628999999957,pcap75,0
20,19999899.0,sensor-RaplKey (PackageID 0),17.455582999999933,pcap75,0
21,20999604.5,sensor-RaplKey (PackageID 0),16.48738400000002,pcap75,0
0,3714539.25,sensor-Downstream,3611796035.0,pcap75,0
1,4710536.25,sensor-Downstream,3597723065.0,pcap75,0
2,5714280.5,sensor-Downstream,3593786948.0,pcap75,0
3,6713482.75,sensor-Downstream,3328187571.0,pcap75,0
4,7730399.25,sensor-Downstream,3428225572.0,pcap75,0
5,8715034.25,sensor-Downstream,3622947381.0,pcap75,0
6,9713279.25,sensor-Downstream,3498154058.0,pcap75,0
7,10716100.0,sensor-Downstream,4299083412.0,pcap75,0
8,11710530.75,sensor-Downstream,4258649090.0,pcap75,0
9,12713584.5,sensor-Downstream,4436359345.0,pcap75,0
10,13713313.0,sensor-Downstream,4571587512.0,pcap75,0
11,14714473.25,sensor-Downstream,4902100545.0,pcap75,0
12,15714644.25,sensor-Downstream,4909776155.0,pcap75,0
13,16716954.0,sensor-Downstream,4403829002.0,pcap75,0
14,17712075.25,sensor-Downstream,4039339497.0,pcap75,0
15,18714754.25,sensor-Downstream,4063259012.0,pcap75,0
16,19715133.75,sensor-Downstream,4428738365.0,pcap75,0
17,20714529.25,sensor-Downstream,4410257212.0,pcap75,0
18,21113078.0,sensor-Downstream,4935087301.0,pcap75,0
0,0.0,sensor-RaplKey (PackageID 0),0.0,pcap100,0
1,999897.5,sensor-RaplKey (PackageID 0),11.92214899999999,pcap100,0
2,1999732.5,sensor-RaplKey (PackageID 0),18.263442000000396,pcap100,0
3,2999899.25,sensor-RaplKey (PackageID 0),17.880569999999352,pcap100,0
4,3999635.75,sensor-RaplKey (PackageID 0),17.66182000000026,pcap100,0
5,5000068.0,sensor-RaplKey (PackageID 0),17.603165000000445,pcap100,0
6,5999804.75,sensor-RaplKey (PackageID 0),17.599930999999742,pcap100,0
7,7000018.5,sensor-RaplKey (PackageID 0),17.743789999999535,pcap100,0
8,7999727.25,sensor-RaplKey (PackageID 0),17.34120299999995,pcap100,0
9,8999557.0,sensor-RaplKey (PackageID 0),17.13746800000081,pcap100,0
10,9999711.75,sensor-RaplKey (PackageID 0),19.90925099999913,pcap100,0
11,10999939.0,sensor-RaplKey (PackageID 0),17.715531000000738,pcap100,0
12,11999641.0,sensor-RaplKey (PackageID 0),20.124703999999838,pcap100,0
13,13001154.25,sensor-RaplKey (PackageID 0),17.88227899999947,pcap100,0
14,14001053.0,sensor-RaplKey (PackageID 0),16.781817000000046,pcap100,0
15,14999794.25,sensor-RaplKey (PackageID 0),17.074602000000596,pcap100,0
16,16000201.5,sensor-RaplKey (PackageID 0),17.076921999999286,pcap100,0
17,16999335.0,sensor-RaplKey (PackageID 0),16.952532000000247,pcap100,0
18,17999688.5,sensor-RaplKey (PackageID 0),16.916949000000386,pcap100,0
0,3969088.25,sensor-Downstream,4737529755.0,pcap100,0
1,4969413.25,sensor-Downstream,5066195051.0,pcap100,0
2,5968655.0,sensor-Downstream,4698068481.0,pcap100,0
3,6969494.25,sensor-Downstream,4763737749.0,pcap100,0
4,7969058.75,sensor-Downstream,3875808816.0,pcap100,0
5,8971004.75,sensor-Downstream,3666673924.0,pcap100,0
6,9969600.25,sensor-Downstream,4265719956.0,pcap100,0
7,10973673.75,sensor-Downstream,4787942902.0,pcap100,0
8,11971195.5,sensor-Downstream,3761665582.0,pcap100,0
9,12970625.0,sensor-Downstream,4514019490.0,pcap100,0
10,13970597.75,sensor-Downstream,4884523056.0,pcap100,0
11,14969440.5,sensor-Downstream,4701469764.0,pcap100,0
12,15971787.75,sensor-Downstream,4907819018.0,pcap100,0
13,16972916.25,sensor-Downstream,5048816101.0,pcap100,0
14,17972280.75,sensor-Downstream,4564560598.0,pcap100,0
15,18757719.0,sensor-Downstream,4774151743.0,pcap100,0
0,0.0,sensor-RaplKey (PackageID 0),0.0,pcap110,0
1,1000201.75,sensor-RaplKey (PackageID 0),15.798909000000094,pcap110,0
2,2000344.5,sensor-RaplKey (PackageID 0),17.606950000000325,pcap110,0
3,2999862.0,sensor-RaplKey (PackageID 0),17.06666799999948,pcap110,0
4,3999270.75,sensor-RaplKey (PackageID 0),17.524796000000606,pcap110,0
5,4999141.0,sensor-RaplKey (PackageID 0),16.679583999999522,pcap110,0
6,5999468.25,sensor-RaplKey (PackageID 0),16.40205799999967,pcap110,0
7,6999697.25,sensor-RaplKey (PackageID 0),17.555374999999913,pcap110,0
8,7999613.75,sensor-RaplKey (PackageID 0),17.132402000001093,pcap110,0
9,8999484.75,sensor-RaplKey (PackageID 0),19.236644999999044,pcap110,0
10,9999312.0,sensor-RaplKey (PackageID 0),16.765338000001066,pcap110,0
11,10999337.25,sensor-RaplKey (PackageID 0),19.644358999999895,pcap110,0
12,11999065.75,sensor-RaplKey (PackageID 0),16.451434999999037,pcap110,0
13,13000233.25,sensor-RaplKey (PackageID 0),16.749101999999766,pcap110,0
14,13999709.25,sensor-RaplKey (PackageID 0),16.47237000000132,pcap110,0
15,14999764.0,sensor-RaplKey (PackageID 0),16.79903000000013,pcap110,0
16,15999770.0,sensor-RaplKey (PackageID 0),16.270221999999194,pcap110,0
17,16999829.5,sensor-RaplKey (PackageID 0),16.49147400000038,pcap110,0
18,18000678.0,sensor-RaplKey (PackageID 0),17.21504300000015,pcap110,0
19,18999605.75,sensor-RaplKey (PackageID 0),17.051104000000123,pcap110,0
20,20003140.75,sensor-RaplKey (PackageID 0),17.175615000000107,pcap110,0
21,20999185.25,sensor-RaplKey (PackageID 0),17.15718299999935,pcap110,0
0,3653137.25,sensor-Downstream,4303882262.0,pcap110,0
1,4652721.25,sensor-Downstream,4221363992.0,pcap110,0
2,5652785.5,sensor-Downstream,4169673840.0,pcap110,0
3,6653032.0,sensor-Downstream,3671519859.0,pcap110,0
4,7653159.75,sensor-Downstream,3540135098.0,pcap110,0
5,8654196.5,sensor-Downstream,3602880071.0,pcap110,0
6,9656532.25,sensor-Downstream,3401113664.0,pcap110,0
7,10662063.0,sensor-Downstream,3629460515.0,pcap110,0
8,11654505.25,sensor-Downstream,3647621071.0,pcap110,0
9,12655180.5,sensor-Downstream,3823568071.0,pcap110,0
10,13656223.0,sensor-Downstream,3627624371.0,pcap110,0
11,14655701.75,sensor-Downstream,3767950368.0,pcap110,0
12,15654710.25,sensor-Downstream,3792333022.0,pcap110,0
13,16656292.25,sensor-Downstream,3584886560.0,pcap110,0
14,17655469.0,sensor-Downstream,3775392477.0,pcap110,0
15,18656166.25,sensor-Downstream,3802787511.0,pcap110,0
16,19658593.75,sensor-Downstream,3639957188.0,pcap110,0
17,20656006.5,sensor-Downstream,4319738085.0,pcap110,0
18,21653158.75,sensor-Downstream,4479494613.0,pcap110,0
19,21896873.25,sensor-Downstream,5537340716.0,pcap110,0
0,0.0,sensor-RaplKey (PackageID 0),0.0,pcap120,0
1,999895.5,sensor-RaplKey (PackageID 0),13.039883999999802,pcap120,0
2,2000279.25,sensor-RaplKey (PackageID 0),17.155595000000176,pcap120,0
3,3000454.0,sensor-RaplKey (PackageID 0),17.03456399999959,pcap120,0
4,4005043.75,sensor-RaplKey (PackageID 0),18.191297999999733,pcap120,0
5,5000230.75,sensor-RaplKey (PackageID 0),15.976339000000735,pcap120,0
6,6000322.5,sensor-RaplKey (PackageID 0),18.062391999999818,pcap120,0
7,7001222.5,sensor-RaplKey (PackageID 0),18.424818999999843,pcap120,0
8,8000086.0,sensor-RaplKey (PackageID 0),16.776812999998583,pcap120,0
9,8999358.0,sensor-RaplKey (PackageID 0),18.417128000000957,pcap120,0
10,10000296.0,sensor-RaplKey (PackageID 0),17.51765499999965,pcap120,0
11,11000271.25,sensor-RaplKey (PackageID 0),16.549274000000878,pcap120,0
12,12000059.75,sensor-RaplKey (PackageID 0),16.48366100000021,pcap120,0
13,13001334.75,sensor-RaplKey (PackageID 0),16.560138999999253,pcap120,0
14,14000204.25,sensor-RaplKey (PackageID 0),17.030962000000727,pcap120,0
15,15000252.25,sensor-RaplKey (PackageID 0),17.49891799999932,pcap120,0
16,16014086.75,sensor-RaplKey (PackageID 0),16.46101699999963,pcap120,0
17,17000050.5,sensor-RaplKey (PackageID 0),16.09828600000037,pcap120,0
18,17999590.0,sensor-RaplKey (PackageID 0),19.912059000000227,pcap120,0
19,19000201.5,sensor-RaplKey (PackageID 0),16.669756999999663,pcap120,0
20,20001371.75,sensor-RaplKey (PackageID 0),16.20448700000088,pcap120,0
21,21000255.25,sensor-RaplKey (PackageID 0),16.615924999998242,pcap120,0
22,21999850.75,sensor-RaplKey (PackageID 0),17.57985000000008,pcap120,0
0,4168907.5,sensor-Downstream,3803788865.0,pcap120,0
1,5162863.75,sensor-Downstream,3835482562.0,pcap120,0
2,6166609.5,sensor-Downstream,3790516565.0,pcap120,0
3,7167475.75,sensor-Downstream,3854246392.0,pcap120,0
4,8167389.75,sensor-Downstream,3821442989.0,pcap120,0
5,9168153.0,sensor-Downstream,3878986832.0,pcap120,0
6,10168974.5,sensor-Downstream,3873797782.0,pcap120,0
7,11168829.25,sensor-Downstream,4020243351.0,pcap120,0
8,12168589.0,sensor-Downstream,3883092802.0,pcap120,0
9,13169435.5,sensor-Downstream,3805418227.0,pcap120,0
10,14168022.75,sensor-Downstream,4000440783.0,pcap120,0
11,15167834.25,sensor-Downstream,3969300947.0,pcap120,0
12,16171286.25,sensor-Downstream,3932509983.0,pcap120,0
13,17191154.75,sensor-Downstream,3783987589.0,pcap120,0
14,18182869.0,sensor-Downstream,3775740424.0,pcap120,0
15,19184319.25,sensor-Downstream,3742125989.0,pcap120,0
16,20186586.75,sensor-Downstream,3552243390.0,pcap120,0
17,21185251.0,sensor-Downstream,3665474663.0,pcap120,0
18,22206132.0,sensor-Downstream,3758543363.0,pcap120,0
19,22719292.25,sensor-Downstream,4371713542.0,pcap120,0
0,0.0,sensor-RaplKey (PackageID 0),0.0,pcap150,0
1,1000288.0,sensor-RaplKey (PackageID 0),15.63820399999895,pcap150,0
2,1999874.5,sensor-RaplKey (PackageID 0),17.77693200000067,pcap150,0
3,3000193.5,sensor-RaplKey (PackageID 0),18.05146799999966,pcap150,0
4,3999752.25,sensor-RaplKey (PackageID 0),19.805490999999165,pcap150,0
5,5000269.75,sensor-RaplKey (PackageID 0),19.307263000000603,pcap150,0
6,5999507.25,sensor-RaplKey (PackageID 0),17.46449399999983,pcap150,0
7,6999537.75,sensor-RaplKey (PackageID 0),18.873241999999664,pcap150,0
8,8000930.0,sensor-RaplKey (PackageID 0),17.685014000000592,pcap150,0
9,9000322.0,sensor-RaplKey (PackageID 0),16.627520000000004,pcap150,0
10,9999627.75,sensor-RaplKey (PackageID 0),16.676715999999942,pcap150,0
11,10999083.0,sensor-RaplKey (PackageID 0),16.97987599999942,pcap150,0
12,11999364.75,sensor-RaplKey (PackageID 0),19.91932100000122,pcap150,0
13,12999687.75,sensor-RaplKey (PackageID 0),15.952656999999817,pcap150,0
14,13999953.0,sensor-RaplKey (PackageID 0),17.944228999998813,pcap150,0
15,15001327.75,sensor-RaplKey (PackageID 0),17.231889000000592,pcap150,0
16,16000177.25,sensor-RaplKey (PackageID 0),16.85225200000059,pcap150,0
17,17000223.0,sensor-RaplKey (PackageID 0),16.99287700000059,pcap150,0
18,18003602.25,sensor-RaplKey (PackageID 0),16.031574999999066,pcap150,0
19,19015275.25,sensor-RaplKey (PackageID 0),15.546712999999727,pcap150,0
20,19999761.25,sensor-RaplKey (PackageID 0),15.478414999999586,pcap150,0
21,21000423.0,sensor-RaplKey (PackageID 0),15.379965000000084,pcap150,0
22,21999309.5,sensor-RaplKey (PackageID 0),15.147789000000557,pcap150,0
0,3662655.5,sensor-Downstream,3649919296.0,pcap150,0
1,4661249.25,sensor-Downstream,3695736984.0,pcap150,0
2,5660581.75,sensor-Downstream,3889055104.0,pcap150,0
3,6666289.5,sensor-Downstream,3890368048.0,pcap150,0
4,7659829.75,sensor-Downstream,3867649374.0,pcap150,0
5,8676115.25,sensor-Downstream,3775190584.0,pcap150,0
6,9664388.25,sensor-Downstream,3802443509.0,pcap150,0
7,10663953.5,sensor-Downstream,3833028076.0,pcap150,0
8,11665187.0,sensor-Downstream,3868706319.0,pcap150,0
9,12662843.5,sensor-Downstream,3747723480.0,pcap150,0
10,13667147.0,sensor-Downstream,3687545247.0,pcap150,0
11,14663046.0,sensor-Downstream,3859099364.0,pcap150,0
12,15670284.0,sensor-Downstream,3840310117.0,pcap150,0
13,16670196.0,sensor-Downstream,4020184519.0,pcap150,0
14,17674700.25,sensor-Downstream,3723633272.0,pcap150,0
15,18674322.75,sensor-Downstream,3701901553.0,pcap150,0
16,19674573.75,sensor-Downstream,3706002314.0,pcap150,0
17,20674099.25,sensor-Downstream,3776024177.0,pcap150,0
18,21673550.0,sensor-Downstream,3870366212.0,pcap150,0
19,22398096.75,sensor-Downstream,4370284668.0,pcap150,0
0,0.0,sensor-RaplKey (PackageID 0),0.0,pcap180,0
1,1000243.75,sensor-RaplKey (PackageID 0),12.735196999999971,pcap180,0
2,2001178.25,sensor-RaplKey (PackageID 0),16.040791999999783,pcap180,0
3,3000336.5,sensor-RaplKey (PackageID 0),15.739826999999423,pcap180,0
4,4001525.25,sensor-RaplKey (PackageID 0),16.137838000000556,pcap180,0
5,5000407.5,sensor-RaplKey (PackageID 0),18.412672000000384,pcap180,0
6,6000817.75,sensor-RaplKey (PackageID 0),15.099082999999155,pcap180,0
7,6999935.5,sensor-RaplKey (PackageID 0),18.33998000000065,pcap180,0
8,7999861.5,sensor-RaplKey (PackageID 0),16.356219999999666,pcap180,0
9,8999834.25,sensor-RaplKey (PackageID 0),17.80354299999999,pcap180,0
10,9999638.0,sensor-RaplKey (PackageID 0),16.116170000001148,pcap180,0
11,11002057.75,sensor-RaplKey (PackageID 0),17.967360999999073,pcap180,0
12,11999883.25,sensor-RaplKey (PackageID 0),16.863665000000765,pcap180,0
13,12999654.75,sensor-RaplKey (PackageID 0),16.47377400000005,pcap180,0
14,14000935.75,sensor-RaplKey (PackageID 0),18.520948999999746,pcap180,0
15,15000200.5,sensor-RaplKey (PackageID 0),18.19990399999915,pcap180,0
16,16002041.25,sensor-RaplKey (PackageID 0),17.289629000000787,pcap180,0
17,16999810.5,sensor-RaplKey (PackageID 0),16.358539999999266,pcap180,0
18,18003104.25,sensor-RaplKey (PackageID 0),16.244221000000834,pcap180,0
19,19000121.75,sensor-RaplKey (PackageID 0),16.762713000000076,pcap180,0
20,19999884.5,sensor-RaplKey (PackageID 0),16.791094999998677,pcap180,0
21,21000196.0,sensor-RaplKey (PackageID 0),16.829241000001275,pcap180,0
22,22002891.5,sensor-RaplKey (PackageID 0),17.04988400000002,pcap180,0
23,23001418.5,sensor-RaplKey (PackageID 0),16.631365999999616,pcap180,0
24,23999977.75,sensor-RaplKey (PackageID 0),16.987444000000323,pcap180,0
0,3978501.25,sensor-Downstream,3765122323.0,pcap180,0
1,4979362.25,sensor-Downstream,3707131259.0,pcap180,0
2,5978896.0,sensor-Downstream,3640009035.0,pcap180,0
3,6980456.75,sensor-Downstream,3654037179.0,pcap180,0
4,7979758.25,sensor-Downstream,3639824549.0,pcap180,0
5,8980296.25,sensor-Downstream,3661840454.0,pcap180,0
6,9980329.0,sensor-Downstream,3655622320.0,pcap180,0
7,10978920.5,sensor-Downstream,3532073786.0,pcap180,0
8,11981431.75,sensor-Downstream,3761055027.0,pcap180,0
9,12981091.5,sensor-Downstream,3959667977.0,pcap180,0
10,13984169.5,sensor-Downstream,3172810803.0,pcap180,0
11,14987630.25,sensor-Downstream,3101677184.0,pcap180,0
12,15981116.25,sensor-Downstream,3219913182.0,pcap180,0
13,16986438.0,sensor-Downstream,3204879190.0,pcap180,0
14,17990204.25,sensor-Downstream,3281097172.0,pcap180,0
15,18985517.0,sensor-Downstream,3217116165.0,pcap180,0
16,19984057.75,sensor-Downstream,3370700282.0,pcap180,0
17,20982791.0,sensor-Downstream,3448054589.0,pcap180,0
18,21985486.0,sensor-Downstream,3299206210.0,pcap180,0
19,22985274.5,sensor-Downstream,3954760799.0,pcap180,0
20,23984195.0,sensor-Downstream,3644079201.0,pcap180,0
21,24350278.25,sensor-Downstream,5044329634.0,pcap180,0
0,0.0,sensor-RaplKey (PackageID 0),0.0,pcap210,0
1,999687.0,sensor-RaplKey (PackageID 0),17.141068999999334,pcap210,0
2,2000507.0,sensor-RaplKey (PackageID 0),16.53944799999954,pcap210,0
3,3000847.5,sensor-RaplKey (PackageID 0),17.604142000000138,pcap210,0
4,4002319.75,sensor-RaplKey (PackageID 0),16.23427199999969,pcap210,0
5,5000567.5,sensor-RaplKey (PackageID 0),16.58638299999984,pcap210,0
6,6000934.0,sensor-RaplKey (PackageID 0),16.534198999999717,pcap210,0
7,7000282.5,sensor-RaplKey (PackageID 0),16.796588000001066,pcap210,0
8,8000795.5,sensor-RaplKey (PackageID 0),16.206378999999288,pcap210,0
9,9000275.25,sensor-RaplKey (PackageID 0),16.05312100000083,pcap210,0
10,10000976.75,sensor-RaplKey (PackageID 0),16.69514700000036,pcap210,0
11,11001268.0,sensor-RaplKey (PackageID 0),16.708270999999513,pcap210,0
12,12000184.75,sensor-RaplKey (PackageID 0),15.972980999998981,pcap210,0
13,13000005.75,sensor-RaplKey (PackageID 0),16.18623800000023,pcap210,0
14,14003211.75,sensor-RaplKey (PackageID 0),16.572283999999854,pcap210,0
15,15000896.5,sensor-RaplKey (PackageID 0),16.082784000000174,pcap210,0
16,16000221.5,sensor-RaplKey (PackageID 0),16.171100999999908,pcap210,0
17,17000988.0,sensor-RaplKey (PackageID 0),17.184586999999738,pcap210,0
18,18000630.75,sensor-RaplKey (PackageID 0),17.291277000000264,pcap210,0
19,19000881.25,sensor-RaplKey (PackageID 0),17.42744500000117,pcap210,0
20,20000884.25,sensor-RaplKey (PackageID 0),16.250019999999495,pcap210,0
21,21000405.25,sensor-RaplKey (PackageID 0),15.712179000000106,pcap210,0
0,4016201.0,sensor-Downstream,3214185500.0,pcap210,0
1,5013006.25,sensor-Downstream,3357387745.0,pcap210,0
2,6016134.0,sensor-Downstream,3578350748.0,pcap210,0
3,7007821.5,sensor-Downstream,3567654353.0,pcap210,0
4,8016550.0,sensor-Downstream,3947760687.0,pcap210,0
5,9005299.25,sensor-Downstream,4262169604.0,pcap210,0
6,10009961.5,sensor-Downstream,4119614949.0,pcap210,0
7,11011589.75,sensor-Downstream,4157514078.0,pcap210,0
8,12005500.0,sensor-Downstream,4249531136.0,pcap210,0
9,13016049.5,sensor-Downstream,3579372000.0,pcap210,0
10,14014718.0,sensor-Downstream,4187701184.0,pcap210,0
11,15005254.5,sensor-Downstream,4211753702.0,pcap210,0
12,16004723.0,sensor-Downstream,4480930506.0,pcap210,0
13,17012277.25,sensor-Downstream,4500502214.0,pcap210,0
14,18006493.25,sensor-Downstream,4418710290.0,pcap210,0
15,19013308.0,sensor-Downstream,3982460109.0,pcap210,0
16,20007071.25,sensor-Downstream,3980813389.0,pcap210,0
17,21007826.0,sensor-Downstream,4279905031.0,pcap210,0
18,21979486.25,sensor-Downstream,4446196470.0,pcap210,0
0,0.0,sensor-RaplKey (PackageID 0),0.0,controlOn,0
1,1000311.25,sensor-RaplKey (PackageID 0),12.828519000000597,controlOn,0
2,2000948.5,sensor-RaplKey (PackageID 0),17.970229999998992,controlOn,0
3,2999912.5,sensor-RaplKey (PackageID 0),17.537553000000116,controlOn,0
4,3999979.25,sensor-RaplKey (PackageID 0),17.343950000000405,controlOn,0
5,4999655.25,sensor-RaplKey (PackageID 0),17.28791900000033,controlOn,0
6,5999562.75,sensor-RaplKey (PackageID 0),17.30354499999885,controlOn,0
7,7000659.25,sensor-RaplKey (PackageID 0),17.180620000001,controlOn,0
8,7999855.0,sensor-RaplKey (PackageID 0),17.126603999999134,controlOn,0
9,8999808.25,sensor-RaplKey (PackageID 0),17.282610000000204,controlOn,0
10,10000564.25,sensor-RaplKey (PackageID 0),17.241471999999703,controlOn,0
11,11002077.5,sensor-RaplKey (PackageID 0),17.08021700000063,controlOn,0
12,12000025.75,sensor-RaplKey (PackageID 0),16.957658999999694,controlOn,0
13,13000093.5,sensor-RaplKey (PackageID 0),16.891986000000543,controlOn,0
14,14000240.25,sensor-RaplKey (PackageID 0),16.976701999999932,controlOn,0
15,15000169.0,sensor-RaplKey (PackageID 0),17.229143000000477,controlOn,0
16,15999963.0,sensor-RaplKey (PackageID 0),16.9214039999988,controlOn,0
17,17000326.75,sensor-RaplKey (PackageID 0),16.980913999999757,controlOn,0
0,1669820.5,actionType,initialDecision,controlOn,0
1,2669874.0,actionType,initialDecision,controlOn,0
2,3999979.25,actionType,referenceMeasurementDecision,controlOn,0
3,4999655.25,actionType,innerDecision,controlOn,0
4,5999562.75,actionType,innerDecision,controlOn,0
5,7000659.25,actionType,innerDecision,controlOn,0
6,7999855.0,actionType,innerDecision,controlOn,0
7,8999808.25,actionType,innerDecision,controlOn,0
8,10000564.25,actionType,innerDecision,controlOn,0
9,11002077.5,actionType,innerDecision,controlOn,0
10,12000025.75,actionType,innerDecision,controlOn,0
11,13000093.5,actionType,innerDecision,controlOn,0
12,14000240.25,actionType,innerDecision,controlOn,0
13,15000169.0,actionType,referenceMeasurementDecision,controlOn,0
14,15999963.0,actionType,innerDecision,controlOn,0
15,17000326.75,actionType,innerDecision,controlOn,0
0,1669820.5,RaplKey (PackageID 0)(action),120,controlOn,0
1,2669874.0,RaplKey (PackageID 0)(action),60,controlOn,0
2,3999979.25,RaplKey (PackageID 0)(action),200,controlOn,0
3,4999655.25,RaplKey (PackageID 0)(action),210,controlOn,0
4,5999562.75,RaplKey (PackageID 0)(action),100,controlOn,0
5,7000659.25,RaplKey (PackageID 0)(action),60,controlOn,0
6,7999855.0,RaplKey (PackageID 0)(action),110,controlOn,0
7,8999808.25,RaplKey (PackageID 0)(action),210,controlOn,0
8,10000564.25,RaplKey (PackageID 0)(action),75,controlOn,0
9,11002077.5,RaplKey (PackageID 0)(action),150,controlOn,0
10,12000025.75,RaplKey (PackageID 0)(action),100,controlOn,0
11,13000093.5,RaplKey (PackageID 0)(action),150,controlOn,0
12,14000240.25,RaplKey (PackageID 0)(action),100,controlOn,0
13,15000169.0,RaplKey (PackageID 0)(action),200,controlOn,0
14,15999963.0,RaplKey (PackageID 0)(action),75,controlOn,0
15,17000326.75,RaplKey (PackageID 0)(action),120,controlOn,0
0,1669820.5,6e-05-probability,0.1111111111111111,controlOn,0
1,1669820.5,6e-05-probability,0.1111111111111111,controlOn,0
2,2669874.0,6e-05-probability,0.1111111111111111,controlOn,0
3,2669874.0,6e-05-probability,0.1111111111111111,controlOn,0
4,3999979.25,6e-05-probability,0.1111111111111111,controlOn,0
5,3999979.25,6e-05-probability,0.1111111111111111,controlOn,0
6,4999655.25,6e-05-probability,0.009113428762528705,controlOn,0
7,4999655.25,6e-05-probability,0.009113428762528705,controlOn,0
8,5999562.75,6e-05-probability,0.02224352449564267,controlOn,0
9,5999562.75,6e-05-probability,0.02224352449564267,controlOn,0
10,7000659.25,6e-05-probability,0.03427921216388254,controlOn,0
11,7000659.25,6e-05-probability,0.03427921216388254,controlOn,0
12,7999855.0,6e-05-probability,0.0005333227869791975,controlOn,0
13,7999855.0,6e-05-probability,0.0005333227869791975,controlOn,0
14,8999808.25,6e-05-probability,0.0010676007639716506,controlOn,0
15,8999808.25,6e-05-probability,0.0010676007639716506,controlOn,0
16,10000564.25,6e-05-probability,0.0017547235207529942,controlOn,0
17,10000564.25,6e-05-probability,0.0017547235207529942,controlOn,0
18,11002077.5,6e-05-probability,0.002684906637726486,controlOn,0
19,11002077.5,6e-05-probability,0.002684906637726486,controlOn,0
20,12000025.75,6e-05-probability,0.003809981283495377,controlOn,0
21,12000025.75,6e-05-probability,0.003809981283495377,controlOn,0
22,13000093.5,6e-05-probability,0.005053883450202827,controlOn,0
23,13000093.5,6e-05-probability,0.005053883450202827,controlOn,0
24,14000240.25,6e-05-probability,0.006494395652316248,controlOn,0
25,14000240.25,6e-05-probability,0.006494395652316248,controlOn,0
26,15000169.0,6e-05-probability,0.006494395652316248,controlOn,0
27,15000169.0,6e-05-probability,0.006494395652316248,controlOn,0
28,15999963.0,6e-05-probability,0.00792252399766465,controlOn,0
29,15999963.0,6e-05-probability,0.00792252399766465,controlOn,0
30,17000326.75,6e-05-probability,0.0096838355689331,controlOn,0
31,17000326.75,6e-05-probability,0.0096838355689331,controlOn,0
0,1669820.5,6e-05-cumulativeLoss,0.0,controlOn,0
1,1669820.5,6e-05-cumulativeLoss,0.0,controlOn,0
2,2669874.0,6e-05-cumulativeLoss,0.0,controlOn,0
3,2669874.0,6e-05-cumulativeLoss,0.0,controlOn,0
4,3999979.25,6e-05-cumulativeLoss,0.0,controlOn,0
5,3999979.25,6e-05-cumulativeLoss,0.0,controlOn,0
6,4999655.25,6e-05-cumulativeLoss,3.9121911000000087,controlOn,0
7,4999655.25,6e-05-cumulativeLoss,3.9121911000000087,controlOn,0
8,5999562.75,6e-05-cumulativeLoss,3.9121911000000087,controlOn,0
9,5999562.75,6e-05-cumulativeLoss,3.9121911000000087,controlOn,0
10,7000659.25,6e-05-cumulativeLoss,3.9121911000000087,controlOn,0
11,7000659.25,6e-05-cumulativeLoss,3.9121911000000087,controlOn,0
12,7999855.0,6e-05-cumulativeLoss,16.580312115264725,controlOn,0
13,7999855.0,6e-05-cumulativeLoss,16.580312115264725,controlOn,0
14,8999808.25,6e-05-cumulativeLoss,16.580312115264725,controlOn,0
15,8999808.25,6e-05-cumulativeLoss,16.580312115264725,controlOn,0
16,10000564.25,6e-05-cumulativeLoss,16.580312115264725,controlOn,0
17,10000564.25,6e-05-cumulativeLoss,16.580312115264725,controlOn,0
18,11002077.5,6e-05-cumulativeLoss,16.580312115264725,controlOn,0
19,11002077.5,6e-05-cumulativeLoss,16.580312115264725,controlOn,0
20,12000025.75,6e-05-cumulativeLoss,16.580312115264725,controlOn,0
21,12000025.75,6e-05-cumulativeLoss,16.580312115264725,controlOn,0
22,13000093.5,6e-05-cumulativeLoss,16.580312115264725,controlOn,0
23,13000093.5,6e-05-cumulativeLoss,16.580312115264725,controlOn,0
24,14000240.25,6e-05-cumulativeLoss,16.580312115264725,controlOn,0
25,14000240.25,6e-05-cumulativeLoss,16.580312115264725,controlOn,0
26,15000169.0,6e-05-cumulativeLoss,16.580312115264725,controlOn,0
27,15000169.0,6e-05-cumulativeLoss,16.580312115264725,controlOn,0
28,15999963.0,6e-05-cumulativeLoss,16.580312115264725,controlOn,0
29,15999963.0,6e-05-cumulativeLoss,16.580312115264725,controlOn,0
30,17000326.75,6e-05-cumulativeLoss,16.580312115264725,controlOn,0
31,17000326.75,6e-05-cumulativeLoss,16.580312115264725,controlOn,0
0,1669820.5,7.5e-05-probability,0.1111111111111111,controlOn,0
1,2669874.0,7.5e-05-probability,0.1111111111111111,controlOn,0
2,3999979.25,7.5e-05-probability,0.1111111111111111,controlOn,0
3,4999655.25,7.5e-05-probability,0.14025330606784894,controlOn,0
4,5999562.75,7.5e-05-probability,0.1537102781650718,controlOn,0
5,7000659.25,7.5e-05-probability,0.16614188940184502,controlOn,0
6,7999855.0,7.5e-05-probability,0.17490449970580602,controlOn,0
7,8999808.25,7.5e-05-probability,0.1899409041366523,controlOn,0
8,10000564.25,7.5e-05-probability,0.19877403273066863,controlOn,0
9,11002077.5,7.5e-05-probability,0.1202749242441634,controlOn,0
10,12000025.75,7.5e-05-probability,0.13351250680999263,controlOn,0
11,13000093.5,7.5e-05-probability,0.14450644826241912,controlOn,0
12,14000240.25,7.5e-05-probability,0.1563400277242153,controlOn,0
13,15000169.0,7.5e-05-probability,0.1563400277242153,controlOn,0
14,15999963.0,7.5e-05-probability,0.16447583830685863,controlOn,0
15,17000326.75,7.5e-05-probability,0.10378419942923187,controlOn,0
0,1669820.5,7.5e-05-cumulativeLoss,0.0,controlOn,0
1,2669874.0,7.5e-05-cumulativeLoss,0.0,controlOn,0
2,3999979.25,7.5e-05-cumulativeLoss,0.0,controlOn,0
3,4999655.25,7.5e-05-cumulativeLoss,0.0,controlOn,0
4,5999562.75,7.5e-05-cumulativeLoss,0.0,controlOn,0
5,7000659.25,7.5e-05-cumulativeLoss,0.0,controlOn,0
6,7999855.0,7.5e-05-cumulativeLoss,0.0,controlOn,0
7,8999808.25,7.5e-05-cumulativeLoss,0.0,controlOn,0
8,10000564.25,7.5e-05-cumulativeLoss,0.0,controlOn,0
9,11002077.5,7.5e-05-cumulativeLoss,2.1841909027839295,controlOn,0
10,12000025.75,7.5e-05-cumulativeLoss,2.1841909027839295,controlOn,0
11,13000093.5,7.5e-05-cumulativeLoss,2.1841909027839295,controlOn,0
12,14000240.25,7.5e-05-cumulativeLoss,2.1841909027839295,controlOn,0
13,15000169.0,7.5e-05-cumulativeLoss,2.1841909027839295,controlOn,0
14,15999963.0,7.5e-05-cumulativeLoss,2.1841909027839295,controlOn,0
15,17000326.75,7.5e-05-cumulativeLoss,4.8219206293264225,controlOn,0
0,1669820.5,0.0001-probability,0.1111111111111111,controlOn,0
1,2669874.0,0.0001-probability,0.1111111111111111,controlOn,0
2,3999979.25,0.0001-probability,0.1111111111111111,controlOn,0
3,4999655.25,0.0001-probability,0.14025330606784894,controlOn,0
4,5999562.75,0.0001-probability,0.1537102781650718,controlOn,0
5,7000659.25,0.0001-probability,0.05313343348286098,controlOn,0
6,7999855.0,0.0001-probability,0.06516614795799715,controlOn,0
7,8999808.25,0.0001-probability,0.07854290585907987,controlOn,0
8,10000564.25,0.0001-probability,0.08876936566591405,controlOn,0
9,11002077.5,0.0001-probability,0.10152594036675217,controlOn,0
10,12000025.75,0.0001-probability,0.113940273729571,controlOn,0
11,13000093.5,0.0001-probability,0.05127019603920445,controlOn,0
12,14000240.25,0.0001-probability,0.058498077481572264,controlOn,0
13,15000169.0,0.0001-probability,0.058498077481572264,controlOn,0
14,15999963.0,0.0001-probability,0.013498176507102881,controlOn,0
15,17000326.75,0.0001-probability,0.01612898683675144,controlOn,0
0,1669820.5,0.0001-cumulativeLoss,0.0,controlOn,0
1,2669874.0,0.0001-cumulativeLoss,0.0,controlOn,0
2,3999979.25,0.0001-cumulativeLoss,0.0,controlOn,0
3,4999655.25,0.0001-cumulativeLoss,0.0,controlOn,0
4,5999562.75,0.0001-cumulativeLoss,0.0,controlOn,0
5,7000659.25,0.0001-cumulativeLoss,2.8258438224510596,controlOn,0
6,7999855.0,0.0001-cumulativeLoss,2.8258438224510596,controlOn,0
7,8999808.25,0.0001-cumulativeLoss,2.8258438224510596,controlOn,0
8,10000564.25,0.0001-cumulativeLoss,2.8258438224510596,controlOn,0
9,11002077.5,0.0001-cumulativeLoss,2.8258438224510596,controlOn,0
10,12000025.75,0.0001-cumulativeLoss,2.8258438224510596,controlOn,0
11,13000093.5,0.0001-cumulativeLoss,6.632960988323033,controlOn,0
12,14000240.25,0.0001-cumulativeLoss,6.632960988323033,controlOn,0
13,15000169.0,0.0001-cumulativeLoss,6.632960988323033,controlOn,0
14,15999963.0,0.0001-cumulativeLoss,14.051211684454058,controlOn,0
15,17000326.75,0.0001-cumulativeLoss,14.051211684454058,controlOn,0
0,1669820.5,0.00011-probability,0.1111111111111111,controlOn,0
1,2669874.0,0.00011-probability,0.1111111111111111,controlOn,0
2,3999979.25,0.00011-probability,0.1111111111111111,controlOn,0
3,4999655.25,0.00011-probability,0.14025330606784894,controlOn,0
4,5999562.75,0.00011-probability,0.1537102781650718,controlOn,0
5,7000659.25,0.00011-probability,0.16614188940184502,controlOn,0
6,7999855.0,0.00011-probability,0.17490449970580602,controlOn,0
7,8999808.25,0.00011-probability,0.08743054225099625,controlOn,0
8,10000564.25,0.00011-probability,0.09789554409027705,controlOn,0
9,11002077.5,0.00011-probability,0.11115376999981777,controlOn,0
10,12000025.75,0.00011-probability,0.12401755695617045,controlOn,0
11,13000093.5,0.00011-probability,0.1347971707669431,controlOn,0
12,14000240.25,0.00011-probability,0.14635711164015852,controlOn,0
13,15000169.0,0.00011-probability,0.14635711164015852,controlOn,0
14,15999963.0,0.00011-probability,0.15444695365400596,controlOn,0
15,17000326.75,0.00011-probability,0.16635955275609723,controlOn,0
0,1669820.5,0.00011-cumulativeLoss,0.0,controlOn,0
1,2669874.0,0.00011-cumulativeLoss,0.0,controlOn,0
2,3999979.25,0.00011-cumulativeLoss,0.0,controlOn,0
3,4999655.25,0.00011-cumulativeLoss,0.0,controlOn,0
4,5999562.75,0.00011-cumulativeLoss,0.0,controlOn,0
5,7000659.25,0.00011-cumulativeLoss,0.0,controlOn,0
6,7999855.0,0.00011-cumulativeLoss,0.0,controlOn,0
7,8999808.25,0.00011-cumulativeLoss,2.4828018074459135,controlOn,0
8,10000564.25,0.00011-cumulativeLoss,2.4828018074459135,controlOn,0
9,11002077.5,0.00011-cumulativeLoss,2.4828018074459135,controlOn,0
10,12000025.75,0.00011-cumulativeLoss,2.4828018074459135,controlOn,0
11,13000093.5,0.00011-cumulativeLoss,2.4828018074459135,controlOn,0
12,14000240.25,0.00011-cumulativeLoss,2.4828018074459135,controlOn,0
13,15000169.0,0.00011-cumulativeLoss,2.4828018074459135,controlOn,0
14,15999963.0,0.00011-cumulativeLoss,2.4828018074459135,controlOn,0
15,17000326.75,0.00011-cumulativeLoss,2.4828018074459135,controlOn,0
0,1669820.5,0.00012-probability,0.1111111111111111,controlOn,0
1,2669874.0,0.00012-probability,0.1111111111111111,controlOn,0
2,3999979.25,0.00012-probability,0.1111111111111111,controlOn,0
3,4999655.25,0.00012-probability,0.14025330606784894,controlOn,0
4,5999562.75,0.00012-probability,0.1537102781650718,controlOn,0
5,7000659.25,0.00012-probability,0.16614188940184502,controlOn,0
6,7999855.0,0.00012-probability,0.17490449970580602,controlOn,0
7,8999808.25,0.00012-probability,0.1899409041366523,controlOn,0
8,10000564.25,0.00012-probability,0.19877403273066863,controlOn,0
9,11002077.5,0.00012-probability,0.21414277548372024,controlOn,0
10,12000025.75,0.00012-probability,0.2290180693632871,controlOn,0
11,13000093.5,0.00012-probability,0.24034353839232941,controlOn,0
12,14000240.25,0.00012-probability,0.2533245198737851,controlOn,0
13,15000169.0,0.00012-probability,0.2533245198737851,controlOn,0
14,15999963.0,0.00012-probability,0.2605881022353714,controlOn,0
15,17000326.75,0.00012-probability,0.27450576758484246,controlOn,0
0,1669820.5,0.00012-cumulativeLoss,0,controlOn,0
1,2669874.0,0.00012-cumulativeLoss,0,controlOn,0
2,3999979.25,0.00012-cumulativeLoss,0,controlOn,0
3,4999655.25,0.00012-cumulativeLoss,0,controlOn,0
4,5999562.75,0.00012-cumulativeLoss,0,controlOn,0
5,7000659.25,0.00012-cumulativeLoss,0,controlOn,0
6,7999855.0,0.00012-cumulativeLoss,0,controlOn,0
7,8999808.25,0.00012-cumulativeLoss,0,controlOn,0
8,10000564.25,0.00012-cumulativeLoss,0,controlOn,0
9,11002077.5,0.00012-cumulativeLoss,0,controlOn,0
10,12000025.75,0.00012-cumulativeLoss,0,controlOn,0
11,13000093.5,0.00012-cumulativeLoss,0,controlOn,0
12,14000240.25,0.00012-cumulativeLoss,0,controlOn,0
13,15000169.0,0.00012-cumulativeLoss,0,controlOn,0
14,15999963.0,0.00012-cumulativeLoss,0,controlOn,0
15,17000326.75,0.00012-cumulativeLoss,0,controlOn,0
0,1669820.5,0.00015-probability,0.1111111111111111,controlOn,0
1,2669874.0,0.00015-probability,0.1111111111111111,controlOn,0
2,3999979.25,0.00015-probability,0.1111111111111111,controlOn,0
3,4999655.25,0.00015-probability,0.14025330606784894,controlOn,0
4,5999562.75,0.00015-probability,0.1537102781650718,controlOn,0
5,7000659.25,0.00015-probability,0.16614188940184502,controlOn,0
6,7999855.0,0.00015-probability,0.17490449970580602,controlOn,0
7,8999808.25,0.00015-probability,0.1899409041366523,controlOn,0
8,10000564.25,0.00015-probability,0.19877403273066863,controlOn,0
9,11002077.5,0.00015-probability,0.21414277548372024,controlOn,0
10,12000025.75,0.00015-probability,0.1388236925816201,controlOn,0
11,13000093.5,0.00015-probability,0.1499201334035781,controlOn,0
12,14000240.25,0.00015-probability,0.08541877515422604,controlOn,0
13,15000169.0,0.00015-probability,0.08541877515422604,controlOn,0
14,15999963.0,0.00015-probability,0.0924276940021215,controlOn,0
15,17000326.75,0.00015-probability,0.10175676717348622,controlOn,0
0,1669820.5,0.00015-cumulativeLoss,0.0,controlOn,0
1,2669874.0,0.00015-cumulativeLoss,0.0,controlOn,0
2,3999979.25,0.00015-cumulativeLoss,0.0,controlOn,0
3,4999655.25,0.00015-cumulativeLoss,0.0,controlOn,0
4,5999562.75,0.00015-cumulativeLoss,0.0,controlOn,0
5,7000659.25,0.00015-cumulativeLoss,0.0,controlOn,0
6,7999855.0,0.00015-cumulativeLoss,0.0,controlOn,0
7,8999808.25,0.00015-cumulativeLoss,0.0,controlOn,0
8,10000564.25,0.00015-cumulativeLoss,0.0,controlOn,0
9,11002077.5,0.00015-cumulativeLoss,0.0,controlOn,0
10,12000025.75,0.00015-cumulativeLoss,2.0262897826921416,controlOn,0
11,13000093.5,0.00015-cumulativeLoss,2.0262897826921416,controlOn,0
12,14000240.25,0.00015-cumulativeLoss,4.919723520723008,controlOn,0
13,15000169.0,0.00015-cumulativeLoss,4.919723520723008,controlOn,0
14,15999963.0,0.00015-cumulativeLoss,4.919723520723008,controlOn,0
15,17000326.75,0.00015-cumulativeLoss,4.919723520723008,controlOn,0
0,1669820.5,0.00018-probability,0.1111111111111111,controlOn,0
1,2669874.0,0.00018-probability,0.1111111111111111,controlOn,0
2,3999979.25,0.00018-probability,0.1111111111111111,controlOn,0
3,4999655.25,0.00018-probability,0.14025330606784894,controlOn,0
4,5999562.75,0.00018-probability,0.1537102781650718,controlOn,0
5,7000659.25,0.00018-probability,0.16614188940184502,controlOn,0
6,7999855.0,0.00018-probability,0.17490449970580602,controlOn,0
7,8999808.25,0.00018-probability,0.1899409041366523,controlOn,0
8,10000564.25,0.00018-probability,0.19877403273066863,controlOn,0
9,11002077.5,0.00018-probability,0.21414277548372024,controlOn,0
10,12000025.75,0.00018-probability,0.2290180693632871,controlOn,0
11,13000093.5,0.00018-probability,0.24034353839232941,controlOn,0
12,14000240.25,0.00018-probability,0.2533245198737851,controlOn,0
13,15000169.0,0.00018-probability,0.2533245198737851,controlOn,0
14,15999963.0,0.00018-probability,0.2605881022353714,controlOn,0
15,17000326.75,0.00018-probability,0.27450576758484246,controlOn,0
0,1669820.5,0.00018-cumulativeLoss,0,controlOn,0
1,2669874.0,0.00018-cumulativeLoss,0,controlOn,0
2,3999979.25,0.00018-cumulativeLoss,0,controlOn,0
3,4999655.25,0.00018-cumulativeLoss,0,controlOn,0
4,5999562.75,0.00018-cumulativeLoss,0,controlOn,0
5,7000659.25,0.00018-cumulativeLoss,0,controlOn,0
6,7999855.0,0.00018-cumulativeLoss,0,controlOn,0
7,8999808.25,0.00018-cumulativeLoss,0,controlOn,0
8,10000564.25,0.00018-cumulativeLoss,0,controlOn,0
9,11002077.5,0.00018-cumulativeLoss,0,controlOn,0
10,12000025.75,0.00018-cumulativeLoss,0,controlOn,0
11,13000093.5,0.00018-cumulativeLoss,0,controlOn,0
12,14000240.25,0.00018-cumulativeLoss,0,controlOn,0
13,15000169.0,0.00018-cumulativeLoss,0,controlOn,0
14,15999963.0,0.00018-cumulativeLoss,0,controlOn,0
15,17000326.75,0.00018-cumulativeLoss,0,controlOn,0
0,1669820.5,0.00021-probability,0.1111111111111111,controlOn,0
1,2669874.0,0.00021-probability,0.1111111111111111,controlOn,0
2,3999979.25,0.00021-probability,0.1111111111111111,controlOn,0
3,4999655.25,0.00021-probability,0.14025330606784894,controlOn,0
4,5999562.75,0.00021-probability,0.033251282018283826,controlOn,0
5,7000659.25,0.00021-probability,0.04759869518014874,controlOn,0
6,7999855.0,0.00021-probability,0.05924470793901427,controlOn,0
7,8999808.25,0.00021-probability,0.07212773381537159,controlOn,0
8,10000564.25,0.00021-probability,0.014729512279628548,controlOn,0
9,11002077.5,0.00021-probability,0.019247225662652964,controlOn,0
10,12000025.75,0.00021-probability,0.024049868629080724,controlOn,0
11,13000093.5,0.00021-probability,0.028711207842790895,controlOn,0
12,14000240.25,0.00021-probability,0.03374817694762519,controlOn,0
13,15000169.0,0.00021-probability,0.03374817694762519,controlOn,0
14,15999963.0,0.00021-probability,0.0381300850638389,controlOn,0
15,17000326.75,0.00021-probability,0.04359128749688226,controlOn,0
0,1669820.5,0.00021-cumulativeLoss,0.0,controlOn,0
1,2669874.0,0.00021-cumulativeLoss,0.0,controlOn,0
2,3999979.25,0.00021-cumulativeLoss,0.0,controlOn,0
3,4999655.25,0.00021-cumulativeLoss,0.0,controlOn,0
4,5999562.75,0.00021-cumulativeLoss,3.098506909988776,controlOn,0
5,7000659.25,0.00021-cumulativeLoss,3.098506909988776,controlOn,0
6,7999855.0,0.00021-cumulativeLoss,3.098506909988776,controlOn,0
7,8999808.25,0.00021-cumulativeLoss,3.098506909988776,controlOn,0
8,10000564.25,0.00021-cumulativeLoss,9.122305538019484,controlOn,0
9,11002077.5,0.00021-cumulativeLoss,9.122305538019484,controlOn,0
10,12000025.75,0.00021-cumulativeLoss,9.122305538019484,controlOn,0
11,13000093.5,0.00021-cumulativeLoss,9.122305538019484,controlOn,0
12,14000240.25,0.00021-cumulativeLoss,9.122305538019484,controlOn,0
13,15000169.0,0.00021-cumulativeLoss,9.122305538019484,controlOn,0
14,15999963.0,0.00021-cumulativeLoss,9.122305538019484,controlOn,0
15,17000326.75,0.00021-cumulativeLoss,9.122305538019484,controlOn,0
0,3690433.75,sensor-Downstream,4895257523,controlOn,0
1,4669601.75,sensor-Downstream,4597976913,controlOn,0
2,5667860.75,sensor-Downstream,4696357765,controlOn,0
3,6670399.75,sensor-Downstream,4748160715,controlOn,0
4,7670914.0,sensor-Downstream,4904446899,controlOn,0
5,8669620.25,sensor-Downstream,4774121712,controlOn,0
6,9670128.0,sensor-Downstream,4849712273,controlOn,0
7,10671714.25,sensor-Downstream,4807991813,controlOn,0
8,11671560.0,sensor-Downstream,4814814058,controlOn,0
9,12672581.0,sensor-Downstream,4848454967,controlOn,0
10,13672246.75,sensor-Downstream,4816722989,controlOn,0
11,14673050.0,sensor-Downstream,4863884953,controlOn,0
12,15672634.5,sensor-Downstream,4924704589,controlOn,0
13,16673816.25,sensor-Downstream,4765030176,controlOn,0
14,17579854.25,sensor-Downstream,5029628114,controlOn,0
0,4999655.25,constraint-0,1.0646546547807414,controlOn,0
1,5999562.75,constraint-0,0.9999999999999768,controlOn,0
2,7000659.25,constraint-0,1.0213965519752202,controlOn,0
3,7999855.0,constraint-0,1.0326630178536345,controlOn,0
4,8999808.25,constraint-0,1.0383091960513946,controlOn,0
5,10000564.25,constraint-0,1.0383091960513888,controlOn,0
6,11002077.5,constraint-0,1.0456755011983807,controlOn,0
7,12000025.75,constraint-0,1.0456755011983767,controlOn,0
8,13000093.5,constraint-0,1.0471592504927079,controlOn,0
9,14000240.25,constraint-0,1.047574418084046,controlOn,0
10,15999963.0,constraint-0,1.0181342862990237,controlOn,0
11,17000326.75,constraint-0,1.0072077236981272,controlOn,0
0,4999655.25,objective-0,0.43468790000000096,controlOn,0
1,5999562.75,objective-0,0.43457583800000066,controlOn,0
2,7000659.25,objective-0,0.4343612400000021,controlOn,0
3,7999855.0,objective-0,0.43425320799999834,controlOn,0
4,8999808.25,objective-0,0.43425320799999845,controlOn,0
5,10000564.25,objective-0,0.4344829439999995,controlOn,0
6,11002077.5,objective-0,0.4341604340000014,controlOn,0
7,12000025.75,objective-0,0.4339153179999995,controlOn,0
8,13000093.5,objective-0,0.43378397200000113,controlOn,0
9,14000240.25,objective-0,0.4337839720000012,controlOn,0
10,15999963.0,objective-0,0.4339534040000001,controlOn,0
11,17000326.75,objective-0,0.43384280799999764,controlOn,0
0,4999655.25,loss,0.43468790000000096,controlOn,0
1,5999562.75,loss,0.43457583800000066,controlOn,0
2,7000659.25,loss,0.4343612400000021,controlOn,0
3,7999855.0,loss,0.43425320799999834,controlOn,0
4,8999808.25,loss,0.43425320799999845,controlOn,0
5,10000564.25,loss,0.4344829439999995,controlOn,0
6,11002077.5,loss,0.4341604340000014,controlOn,0
7,12000025.75,loss,0.4339153179999995,controlOn,0
8,13000093.5,loss,0.43378397200000113,controlOn,0
9,14000240.25,loss,0.4337839720000012,controlOn,0
10,15999963.0,loss,0.4339534040000001,controlOn,0
11,17000326.75,loss,0.43384280799999764,controlOn,0
0,0.0,sensor-RaplKey (PackageID 0),0.0,pcap60,1
1,1000465.75,sensor-RaplKey (PackageID 0),16.650652999998783,pcap60,1
2,2000368.75,sensor-RaplKey (PackageID 0),17.755997000000207,pcap60,1
3,3000442.25,sensor-RaplKey (PackageID 0),17.616836999999578,pcap60,1
4,4000985.75,sensor-RaplKey (PackageID 0),17.35457000000133,pcap60,1
5,5001129.0,sensor-RaplKey (PackageID 0),17.331559999998717,pcap60,1
6,6005199.25,sensor-RaplKey (PackageID 0),17.432511000000886,pcap60,1
7,7001443.75,sensor-RaplKey (PackageID 0),17.357072999999218,pcap60,1
8,8000993.25,sensor-RaplKey (PackageID 0),16.807757000000493,pcap60,1
9,9002194.25,sensor-RaplKey (PackageID 0),17.01710699999967,pcap60,1
10,10000117.5,sensor-RaplKey (PackageID 0),16.74892,pcap60,1
11,11001012.0,sensor-RaplKey (PackageID 0),16.97377200000119,pcap60,1
12,12000445.25,sensor-RaplKey (PackageID 0),16.748430999999982,pcap60,1
13,12999984.25,sensor-RaplKey (PackageID 0),16.82441999999901,pcap60,1
14,14001683.5,sensor-RaplKey (PackageID 0),16.90718299999935,pcap60,1
15,15001020.5,sensor-RaplKey (PackageID 0),16.891986000000543,pcap60,1
16,16000917.0,sensor-RaplKey (PackageID 0),17.02955800000018,pcap60,1
17,17000304.25,sensor-RaplKey (PackageID 0),17.100114999999278,pcap60,1
0,3289927.0,sensor-Downstream,4858455446.0,pcap60,1
1,4288959.25,sensor-Downstream,4711274631.0,pcap60,1
2,5289415.25,sensor-Downstream,4824408089.0,pcap60,1
3,6289740.25,sensor-Downstream,4925619628.0,pcap60,1
4,7289918.75,sensor-Downstream,4760599890.0,pcap60,1
5,8293698.0,sensor-Downstream,4667979639.0,pcap60,1
6,9291310.5,sensor-Downstream,4610135088.0,pcap60,1
7,10294541.25,sensor-Downstream,4390781320.0,pcap60,1
8,11294031.25,sensor-Downstream,4498954379.0,pcap60,1
9,12293971.5,sensor-Downstream,4456397870.0,pcap60,1
10,13293651.75,sensor-Downstream,4589201169.0,pcap60,1
11,14295079.25,sensor-Downstream,4901304424.0,pcap60,1
12,15295824.25,sensor-Downstream,5019571781.0,pcap60,1
13,16296037.0,sensor-Downstream,4543721242.0,pcap60,1
14,17292930.75,sensor-Downstream,4495434214.0,pcap60,1
15,17635974.75,sensor-Downstream,5474747494.0,pcap60,1
0,0.0,sensor-RaplKey (PackageID 0),0.0,pcap75,1
1,998992.5,sensor-RaplKey (PackageID 0),12.66775299999972,pcap75,1
2,1998990.25,sensor-RaplKey (PackageID 0),17.317032999999356,pcap75,1
3,2999395.75,sensor-RaplKey (PackageID 0),16.954486000000543,pcap75,1
4,4000647.25,sensor-RaplKey (PackageID 0),17.284317999999985,pcap75,1
5,4999645.75,sensor-RaplKey (PackageID 0),17.57264799999939,pcap75,1
6,6000982.75,sensor-RaplKey (PackageID 0),17.229021000001012,pcap75,1
7,6999517.75,sensor-RaplKey (PackageID 0),17.20320299999912,pcap75,1
8,7999724.75,sensor-RaplKey (PackageID 0),17.13343999999961,pcap75,1
9,8999420.75,sensor-RaplKey (PackageID 0),17.161028000000442,pcap75,1
10,9998915.75,sensor-RaplKey (PackageID 0),16.902788999999757,pcap75,1
11,10999178.75,sensor-RaplKey (PackageID 0),16.969866000001275,pcap75,1
12,11999818.25,sensor-RaplKey (PackageID 0),17.221146999998382,pcap75,1
13,13000455.25,sensor-RaplKey (PackageID 0),16.937396000001172,pcap75,1
14,13998970.25,sensor-RaplKey (PackageID 0),16.98817599999893,pcap75,1
15,15004352.75,sensor-RaplKey (PackageID 0),17.15321600000061,pcap75,1
16,15999688.0,sensor-RaplKey (PackageID 0),16.707660000000033,pcap75,1
17,16999384.0,sensor-RaplKey (PackageID 0),16.493975999999748,pcap75,1
18,17999821.0,sensor-RaplKey (PackageID 0),16.854998000000705,pcap75,1
0,3813346.75,sensor-Downstream,4421886881.0,pcap75,1
1,4815529.5,sensor-Downstream,4560070478.0,pcap75,1
2,5816179.5,sensor-Downstream,4374854488.0,pcap75,1
3,6816989.5,sensor-Downstream,4579132353.0,pcap75,1
4,7815955.0,sensor-Downstream,4539282479.0,pcap75,1
5,8814299.25,sensor-Downstream,4577291724.0,pcap75,1
6,9818189.25,sensor-Downstream,4649911311.0,pcap75,1
7,10816932.75,sensor-Downstream,4811033367.0,pcap75,1
8,11817097.25,sensor-Downstream,4738283693.0,pcap75,1
9,12817413.5,sensor-Downstream,4692584162.0,pcap75,1
10,13815929.75,sensor-Downstream,4813214576.0,pcap75,1
11,14847415.25,sensor-Downstream,4503428882.0,pcap75,1
12,15817477.0,sensor-Downstream,4564461659.0,pcap75,1
13,16822729.0,sensor-Downstream,4453360058.0,pcap75,1
14,17822337.0,sensor-Downstream,4502375751.0,pcap75,1
15,18818161.5,sensor-Downstream,4884469980.0,pcap75,1
0,0.0,sensor-RaplKey (PackageID 0),0.0,pcap100,1
1,999411.25,sensor-RaplKey (PackageID 0),13.142361000000164,pcap100,1
2,1999451.25,sensor-RaplKey (PackageID 0),18.07197499999893,pcap100,1
3,3000389.5,sensor-RaplKey (PackageID 0),17.63978700000007,pcap100,1
4,3999309.0,sensor-RaplKey (PackageID 0),17.467239999999947,pcap100,1
5,4999398.0,sensor-RaplKey (PackageID 0),17.087298000000374,pcap100,1
6,5998916.5,sensor-RaplKey (PackageID 0),16.927325000000565,pcap100,1
7,6999686.25,sensor-RaplKey (PackageID 0),17.186783999999534,pcap100,1
8,7999497.75,sensor-RaplKey (PackageID 0),17.234636000001046,pcap100,1
9,8998862.5,sensor-RaplKey (PackageID 0),17.031694999999672,pcap100,1
10,9999023.25,sensor-RaplKey (PackageID 0),17.427444999999352,pcap100,1
11,10998790.0,sensor-RaplKey (PackageID 0),16.70698900000025,pcap100,1
12,11999012.0,sensor-RaplKey (PackageID 0),16.12117500000022,pcap100,1
13,12999889.25,sensor-RaplKey (PackageID 0),16.62361400000009,pcap100,1
14,13999274.75,sensor-RaplKey (PackageID 0),17.13197500000024,pcap100,1
15,15000469.25,sensor-RaplKey (PackageID 0),16.764056999998502,pcap100,1
16,15998866.75,sensor-RaplKey (PackageID 0),17.486344000000827,pcap100,1
17,16999906.0,sensor-RaplKey (PackageID 0),17.080400999999256,pcap100,1
18,17999134.75,sensor-RaplKey (PackageID 0),17.002336000001378,pcap100,1
19,18999198.0,sensor-RaplKey (PackageID 0),17.311295999999857,pcap100,1
20,20000392.5,sensor-RaplKey (PackageID 0),17.2471489999989,pcap100,1
21,20999825.0,sensor-RaplKey (PackageID 0),15.840718000001289,pcap100,1
0,3728820.25,sensor-Downstream,4534969438.0,pcap100,1
1,4729163.25,sensor-Downstream,4315257732.0,pcap100,1
2,5729224.75,sensor-Downstream,4916121457.0,pcap100,1
3,6729926.25,sensor-Downstream,4400848330.0,pcap100,1
4,7730186.25,sensor-Downstream,4474358250.0,pcap100,1
5,8729329.5,sensor-Downstream,4559709657.0,pcap100,1
6,9727525.75,sensor-Downstream,4250545323.0,pcap100,1
7,10730137.0,sensor-Downstream,4665085114.0,pcap100,1
8,11728252.75,sensor-Downstream,3839945816.0,pcap100,1
9,12730130.75,sensor-Downstream,4157352788.0,pcap100,1
10,13728367.5,sensor-Downstream,4217202330.0,pcap100,1
11,14731479.75,sensor-Downstream,3318313945.0,pcap100,1
12,15733419.5,sensor-Downstream,3255404091.0,pcap100,1
13,16732523.0,sensor-Downstream,3185369226.0,pcap100,1
14,17731743.5,sensor-Downstream,3133353063.0,pcap100,1
15,18742450.0,sensor-Downstream,3252178854.0,pcap100,1
16,19742504.5,sensor-Downstream,3237614703.0,pcap100,1
17,20744696.75,sensor-Downstream,3360698451.0,pcap100,1
18,21192959.0,sensor-Downstream,3957296302.0,pcap100,1
0,0.0,sensor-RaplKey (PackageID 0),0.0,pcap110,1
1,1000944.25,sensor-RaplKey (PackageID 0),12.763394999999946,pcap110,1
2,2001351.75,sensor-RaplKey (PackageID 0),16.756427000000258,pcap110,1
3,3003416.25,sensor-RaplKey (PackageID 0),17.32783600000039,pcap110,1
4,4000082.25,sensor-RaplKey (PackageID 0),17.139116999998805,pcap110,1
5,5000311.5,sensor-RaplKey (PackageID 0),16.992083000001003,pcap110,1
6,6000441.0,sensor-RaplKey (PackageID 0),16.96821799999998,pcap110,1
7,7000335.5,sensor-RaplKey (PackageID 0),17.19191099999989,pcap110,1
8,8000809.5,sensor-RaplKey (PackageID 0),17.139116999998805,pcap110,1
9,9000432.0,sensor-RaplKey (PackageID 0),16.803240000001097,pcap110,1
10,10001034.25,sensor-RaplKey (PackageID 0),16.944048999999723,pcap110,1
11,11001441.25,sensor-RaplKey (PackageID 0),16.873735999999553,pcap110,1
12,12000923.5,sensor-RaplKey (PackageID 0),16.817339999999604,pcap110,1
13,13000201.0,sensor-RaplKey (PackageID 0),17.053179000000455,pcap110,1
14,14002312.0,sensor-RaplKey (PackageID 0),16.885331999999835,pcap110,1
15,15000909.5,sensor-RaplKey (PackageID 0),17.02235699999983,pcap110,1
16,16001062.25,sensor-RaplKey (PackageID 0),16.71046700000079,pcap110,1
17,17000430.0,sensor-RaplKey (PackageID 0),16.899615000000267,pcap110,1
18,18000874.0,sensor-RaplKey (PackageID 0),16.878496999999697,pcap110,1
19,19001149.75,sensor-RaplKey (PackageID 0),16.81831599999896,pcap110,1
20,20000707.75,sensor-RaplKey (PackageID 0),16.60603700000138,pcap110,1
21,21001440.5,sensor-RaplKey (PackageID 0),16.85450999999921,pcap110,1
22,22001219.0,sensor-RaplKey (PackageID 0),16.763080000000627,pcap110,1
23,23001039.25,sensor-RaplKey (PackageID 0),17.45173699999941,pcap110,1
24,23999901.75,sensor-RaplKey (PackageID 0),16.012104999999792,pcap110,1
0,4186105.0,sensor-Downstream,3496763754.0,pcap110,1
1,5185173.0,sensor-Downstream,3639461522.0,pcap110,1
2,6184800.25,sensor-Downstream,3547139483.0,pcap110,1
3,7183931.5,sensor-Downstream,3614816470.0,pcap110,1
4,8185414.5,sensor-Downstream,3650907848.0,pcap110,1
5,9188178.25,sensor-Downstream,3628591188.0,pcap110,1
6,10185376.0,sensor-Downstream,3634399534.0,pcap110,1
7,11185551.25,sensor-Downstream,3539072992.0,pcap110,1
8,12186164.5,sensor-Downstream,3576877503.0,pcap110,1
9,13192245.75,sensor-Downstream,3638506704.0,pcap110,1
10,14220338.5,sensor-Downstream,3588780360.0,pcap110,1
11,15196453.75,sensor-Downstream,3675397571.0,pcap110,1
12,16204670.0,sensor-Downstream,3640235463.0,pcap110,1
13,17201402.75,sensor-Downstream,3459413526.0,pcap110,1
14,18200709.75,sensor-Downstream,3598004832.0,pcap110,1
15,19206021.75,sensor-Downstream,3637392913.0,pcap110,1
16,20203145.25,sensor-Downstream,3682383524.0,pcap110,1
17,21203601.75,sensor-Downstream,3731777206.0,pcap110,1
18,22203203.0,sensor-Downstream,3563456134.0,pcap110,1
19,23204806.0,sensor-Downstream,3568995716.0,pcap110,1
20,24058196.25,sensor-Downstream,4293946988.0,pcap110,1
0,0.0,sensor-RaplKey (PackageID 0),0.0,pcap120,1
1,999457.75,sensor-RaplKey (PackageID 0),13.074735000000146,pcap120,1
2,2000468.75,sensor-RaplKey (PackageID 0),18.020766999999978,pcap120,1
3,2999678.5,sensor-RaplKey (PackageID 0),17.553909999998723,pcap120,1
4,3999872.0,sensor-RaplKey (PackageID 0),17.19447500000024,pcap120,1
5,4999795.25,sensor-RaplKey (PackageID 0),17.87123100000099,pcap120,1
6,6000381.25,sensor-RaplKey (PackageID 0),17.505325999998604,pcap120,1
7,6999642.0,sensor-RaplKey (PackageID 0),17.34529300000031,pcap120,1
8,8000630.25,sensor-RaplKey (PackageID 0),17.2621620000009,pcap120,1
9,9000168.5,sensor-RaplKey (PackageID 0),17.037920999999187,pcap120,1
10,9999587.75,sensor-RaplKey (PackageID 0),16.754839999999604,pcap120,1
11,10999641.25,sensor-RaplKey (PackageID 0),16.99025200000142,pcap120,1
12,12001198.5,sensor-RaplKey (PackageID 0),17.212297000000035,pcap120,1
13,13000252.0,sensor-RaplKey (PackageID 0),16.92805699999917,pcap120,1
14,13999674.0,sensor-RaplKey (PackageID 0),16.984087000000727,pcap120,1
15,15000224.25,sensor-RaplKey (PackageID 0),16.909075999999914,pcap120,1
16,15999453.75,sensor-RaplKey (PackageID 0),16.598834000000352,pcap120,1
17,17001224.0,sensor-RaplKey (PackageID 0),16.808123999999225,pcap120,1
18,18000269.75,sensor-RaplKey (PackageID 0),16.870928000000276,pcap120,1
19,19001342.0,sensor-RaplKey (PackageID 0),16.701434000000518,pcap120,1
20,19999350.25,sensor-RaplKey (PackageID 0),16.55421799999931,pcap120,1
21,20999716.25,sensor-RaplKey (PackageID 0),16.587971000000834,pcap120,1
22,22000091.0,sensor-RaplKey (PackageID 0),16.444170999999187,pcap120,1
23,23000527.25,sensor-RaplKey (PackageID 0),16.879961999999068,pcap120,1
0,3868789.0,sensor-Downstream,3428476260.0,pcap120,1
1,4869415.75,sensor-Downstream,3474972260.0,pcap120,1
2,5872211.5,sensor-Downstream,3520157136.0,pcap120,1
3,6871785.0,sensor-Downstream,3681124865.0,pcap120,1
4,7871621.25,sensor-Downstream,3604434374.0,pcap120,1
5,8871696.0,sensor-Downstream,3609798091.0,pcap120,1
6,9883285.5,sensor-Downstream,3613276504.0,pcap120,1
7,10907443.5,sensor-Downstream,3501818972.0,pcap120,1
8,11876140.5,sensor-Downstream,3594849751.0,pcap120,1
9,12877186.25,sensor-Downstream,3544635965.0,pcap120,1
10,13876320.25,sensor-Downstream,3723264731.0,pcap120,1
11,14875005.25,sensor-Downstream,3626359923.0,pcap120,1
12,15875127.25,sensor-Downstream,3547605835.0,pcap120,1
13,16878568.75,sensor-Downstream,3599567129.0,pcap120,1
14,17876706.0,sensor-Downstream,3571200288.0,pcap120,1
15,18877379.25,sensor-Downstream,3656919088.0,pcap120,1
16,19876824.75,sensor-Downstream,3523781512.0,pcap120,1
17,20875476.75,sensor-Downstream,3651891394.0,pcap120,1
18,21877400.5,sensor-Downstream,3641303960.0,pcap120,1
19,22880748.0,sensor-Downstream,3642089410.0,pcap120,1
20,23828469.75,sensor-Downstream,4358779060.0,pcap120,1
0,0.0,sensor-RaplKey (PackageID 0),0.0,pcap150,1
1,999286.0,sensor-RaplKey (PackageID 0),15.920857999999498,pcap150,1
2,2000118.75,sensor-RaplKey (PackageID 0),17.78413400000136,pcap150,1
3,2999258.0,sensor-RaplKey (PackageID 0),16.929094999999506,pcap150,1
4,3998997.0,sensor-RaplKey (PackageID 0),17.02028099999916,pcap150,1
5,4999930.75,sensor-RaplKey (PackageID 0),17.339128000001438,pcap150,1
6,6000489.25,sensor-RaplKey (PackageID 0),17.294144999999844,pcap150,1
7,7000434.75,sensor-RaplKey (PackageID 0),19.24317599999995,pcap150,1
8,7999890.0,sensor-RaplKey (PackageID 0),17.149430999999822,pcap150,1
9,8999188.0,sensor-RaplKey (PackageID 0),16.860125999999582,pcap150,1
10,9999637.0,sensor-RaplKey (PackageID 0),16.77174600000035,pcap150,1
11,10999891.0,sensor-RaplKey (PackageID 0),16.534503999999288,pcap150,1
12,11999535.75,sensor-RaplKey (PackageID 0),16.290484999999535,pcap150,1
13,13000175.5,sensor-RaplKey (PackageID 0),16.721820000000662,pcap150,1
14,14001174.25,sensor-RaplKey (PackageID 0),16.299519000000146,pcap150,1
15,14999404.75,sensor-RaplKey (PackageID 0),16.60518199999933,pcap150,1
16,15999381.25,sensor-RaplKey (PackageID 0),16.795490000000427,pcap150,1
17,16999571.0,sensor-RaplKey (PackageID 0),17.032427000000098,pcap150,1
18,17999505.75,sensor-RaplKey (PackageID 0),19.13294599999972,pcap150,1
19,18999160.5,sensor-RaplKey (PackageID 0),16.92518899999959,pcap150,1
20,19999444.0,sensor-RaplKey (PackageID 0),16.408893000001626,pcap150,1
21,20999054.5,sensor-RaplKey (PackageID 0),16.318256999998994,pcap150,1
22,21999473.75,sensor-RaplKey (PackageID 0),16.638812000001053,pcap150,1
23,23000102.5,sensor-RaplKey (PackageID 0),16.507464999998774,pcap150,1
0,3675658.75,sensor-Downstream,3590096059.0,pcap150,1
1,4673674.75,sensor-Downstream,3713321479.0,pcap150,1
2,5677664.0,sensor-Downstream,3601719084.0,pcap150,1
3,6675496.25,sensor-Downstream,3456242759.0,pcap150,1
4,7676334.75,sensor-Downstream,3593533347.0,pcap150,1
5,8680502.25,sensor-Downstream,3632322595.0,pcap150,1
6,9678945.5,sensor-Downstream,3659373549.0,pcap150,1
7,10676716.25,sensor-Downstream,3581822803.0,pcap150,1
8,11676639.0,sensor-Downstream,3481523113.0,pcap150,1
9,12679946.5,sensor-Downstream,3664680155.0,pcap150,1
10,13699705.25,sensor-Downstream,3601486545.0,pcap150,1
11,14696772.25,sensor-Downstream,3640150665.0,pcap150,1
12,15695886.0,sensor-Downstream,3621040502.0,pcap150,1
13,16696753.5,sensor-Downstream,3536778591.0,pcap150,1
14,17701314.0,sensor-Downstream,3651345482.0,pcap150,1
15,18701254.0,sensor-Downstream,3654456530.0,pcap150,1
16,19697044.5,sensor-Downstream,3635424453.0,pcap150,1
17,20697522.5,sensor-Downstream,3576481840.0,pcap150,1
18,21699266.75,sensor-Downstream,3540926914.0,pcap150,1
19,22699141.0,sensor-Downstream,3614666740.0,pcap150,1
20,23558312.25,sensor-Downstream,4386086939.0,pcap150,1
0,0.0,sensor-RaplKey (PackageID 0),0.0,pcap180,1
1,1000196.0,sensor-RaplKey (PackageID 0),12.198027999998885,pcap180,1
2,2000225.25,sensor-RaplKey (PackageID 0),17.19246100000055,pcap180,1
3,3002674.75,sensor-RaplKey (PackageID 0),17.256486000000223,pcap180,1
4,3999721.25,sensor-RaplKey (PackageID 0),17.44184999999925,pcap180,1
5,5000121.0,sensor-RaplKey (PackageID 0),16.931475000001228,pcap180,1
6,5999318.75,sensor-RaplKey (PackageID 0),16.78950799999984,pcap180,1
7,6999529.75,sensor-RaplKey (PackageID 0),17.050798999998733,pcap180,1
8,7999476.25,sensor-RaplKey (PackageID 0),16.613788000000568,pcap180,1
9,8999632.75,sensor-RaplKey (PackageID 0),16.83076699999947,pcap180,1
10,10000190.25,sensor-RaplKey (PackageID 0),16.804950000001554,pcap180,1
11,10999478.75,sensor-RaplKey (PackageID 0),16.959917000000132,pcap180,1
12,11999907.75,sensor-RaplKey (PackageID 0),16.713152999998783,pcap180,1
13,12999838.0,sensor-RaplKey (PackageID 0),16.72761900000114,pcap180,1
14,14000160.25,sensor-RaplKey (PackageID 0),16.96821799999998,pcap180,1
15,14999508.0,sensor-RaplKey (PackageID 0),16.8131889999986,pcap180,1
16,15999727.5,sensor-RaplKey (PackageID 0),16.67164899999989,pcap180,1
17,17000146.5,sensor-RaplKey (PackageID 0),16.60664700000052,pcap180,1
18,17999182.5,sensor-RaplKey (PackageID 0),16.935443000000305,pcap180,1
19,18999485.75,sensor-RaplKey (PackageID 0),16.70930799999951,pcap180,1
20,19999130.5,sensor-RaplKey (PackageID 0),16.69807700000092,pcap180,1
21,20999947.5,sensor-RaplKey (PackageID 0),16.83198799999991,pcap180,1
22,21999192.25,sensor-RaplKey (PackageID 0),16.039144000000306,pcap180,1
23,22999010.25,sensor-RaplKey (PackageID 0),16.399249999998574,pcap180,1
0,3893974.25,sensor-Downstream,3554986913.0,pcap180,1
1,4895046.5,sensor-Downstream,3613416354.0,pcap180,1
2,5897120.5,sensor-Downstream,3630603584.0,pcap180,1
3,6897901.75,sensor-Downstream,3648451863.0,pcap180,1
4,7898704.25,sensor-Downstream,3499787998.0,pcap180,1
5,8898939.5,sensor-Downstream,3639300198.0,pcap180,1
6,9898184.0,sensor-Downstream,3629248895.0,pcap180,1
7,10902508.5,sensor-Downstream,3589452242.0,pcap180,1
8,11897576.0,sensor-Downstream,3593065762.0,pcap180,1
9,12928349.75,sensor-Downstream,3592236832.0,pcap180,1
10,13900951.75,sensor-Downstream,3719811452.0,pcap180,1
11,14901616.75,sensor-Downstream,3637082448.0,pcap180,1
12,15899747.5,sensor-Downstream,3651413260.0,pcap180,1
13,16900149.25,sensor-Downstream,3599162528.0,pcap180,1
14,17903008.75,sensor-Downstream,3522853405.0,pcap180,1
15,18901675.75,sensor-Downstream,3627101854.0,pcap180,1
16,19904827.75,sensor-Downstream,3554174392.0,pcap180,1
17,20906555.0,sensor-Downstream,3713158773.0,pcap180,1
18,21907639.25,sensor-Downstream,3613766072.0,pcap180,1
19,22907960.25,sensor-Downstream,3494214689.0,pcap180,1
20,23653970.75,sensor-Downstream,4587517468.0,pcap180,1
0,0.0,sensor-RaplKey (PackageID 0),0.0,pcap210,1
1,998972.25,sensor-RaplKey (PackageID 0),13.287868999999773,pcap210,1
2,2003622.25,sensor-RaplKey (PackageID 0),17.876236000000063,pcap210,1
3,2999597.5,sensor-RaplKey (PackageID 0),17.58015499999965,pcap210,1
4,4000299.75,sensor-RaplKey (PackageID 0),17.315812999999252,pcap210,1
5,5000993.75,sensor-RaplKey (PackageID 0),16.922991000001275,pcap210,1
6,5998651.25,sensor-RaplKey (PackageID 0),17.1320369999994,pcap210,1
7,6999192.75,sensor-RaplKey (PackageID 0),17.0446950000005,pcap210,1
8,7998346.0,sensor-RaplKey (PackageID 0),16.94368199999917,pcap210,1
9,8999094.0,sensor-RaplKey (PackageID 0),17.27613999999994,pcap210,1
10,9999342.25,sensor-RaplKey (PackageID 0),16.66218900000058,pcap210,1
11,10999229.0,sensor-RaplKey (PackageID 0),17.69355799999903,pcap210,1
12,11998916.75,sensor-RaplKey (PackageID 0),19.17091000000073,pcap210,1
13,13000356.0,sensor-RaplKey (PackageID 0),16.788715000000593,pcap210,1
14,13999005.75,sensor-RaplKey (PackageID 0),16.615434999999707,pcap210,1
15,14999031.25,sensor-RaplKey (PackageID 0),16.878192000000126,pcap210,1
16,15999059.25,sensor-RaplKey (PackageID 0),16.683123999999225,pcap210,1
17,17000388.0,sensor-RaplKey (PackageID 0),17.0053280000011,pcap210,1
18,17998785.0,sensor-RaplKey (PackageID 0),16.782060999999885,pcap210,1
19,18999434.75,sensor-RaplKey (PackageID 0),17.067583000000013,pcap210,1
20,20002375.25,sensor-RaplKey (PackageID 0),17.031755999998495,pcap210,1
21,20999863.25,sensor-RaplKey (PackageID 0),16.697650000000067,pcap210,1
22,22000356.0,sensor-RaplKey (PackageID 0),16.917804000000615,pcap210,1
23,22999749.75,sensor-RaplKey (PackageID 0),16.95320300000094,pcap210,1
0,3842857.5,sensor-Downstream,3649779666.0,pcap210,1
1,4840165.25,sensor-Downstream,3600412953.0,pcap210,1
2,5841170.0,sensor-Downstream,3653612704.0,pcap210,1
3,6840996.5,sensor-Downstream,3631812081.0,pcap210,1
4,7839429.5,sensor-Downstream,3607175258.0,pcap210,1
5,8839521.25,sensor-Downstream,3568767766.0,pcap210,1
6,9840615.25,sensor-Downstream,3625681781.0,pcap210,1
7,10843370.5,sensor-Downstream,3593869386.0,pcap210,1
8,11840025.5,sensor-Downstream,3673791387.0,pcap210,1
9,12839576.0,sensor-Downstream,3537490420.0,pcap210,1
10,13840923.5,sensor-Downstream,3571626403.0,pcap210,1
11,14840916.75,sensor-Downstream,3554170726.0,pcap210,1
12,15843335.75,sensor-Downstream,3721904696.0,pcap210,1
13,16842954.5,sensor-Downstream,3596522936.0,pcap210,1
14,17843273.25,sensor-Downstream,3457430308.0,pcap210,1
15,18843315.75,sensor-Downstream,3637787930.0,pcap210,1
16,19851309.0,sensor-Downstream,3553263656.0,pcap210,1
17,20852643.75,sensor-Downstream,3491876535.0,pcap210,1
18,21854866.25,sensor-Downstream,3492967431.0,pcap210,1
19,22855202.0,sensor-Downstream,3556663929.0,pcap210,1
20,23777237.5,sensor-Downstream,4226659991.0,pcap210,1
0,0.0,sensor-RaplKey (PackageID 0),0.0,controlOn,1
1,1000197.25,sensor-RaplKey (PackageID 0),14.373864999999569,controlOn,1
2,2000311.0,sensor-RaplKey (PackageID 0),17.344864999999118,controlOn,1
3,2999847.75,sensor-RaplKey (PackageID 0),17.776261000000886,controlOn,1
4,3999677.0,sensor-RaplKey (PackageID 0),17.32038999999895,controlOn,1
5,4999379.25,sensor-RaplKey (PackageID 0),17.181963000000906,controlOn,1
6,5999496.25,sensor-RaplKey (PackageID 0),17.474686999999903,controlOn,1
7,6999092.5,sensor-RaplKey (PackageID 0),16.83375800000067,controlOn,1
8,8000173.75,sensor-RaplKey (PackageID 0),17.070024999999077,controlOn,1
9,8999772.25,sensor-RaplKey (PackageID 0),16.995317000000796,controlOn,1
10,9999498.75,sensor-RaplKey (PackageID 0),17.312517000000298,controlOn,1
11,11001710.0,sensor-RaplKey (PackageID 0),18.726697999998578,controlOn,1
12,12000122.75,sensor-RaplKey (PackageID 0),17.221269000001485,controlOn,1
13,13001343.0,sensor-RaplKey (PackageID 0),17.021684999999707,controlOn,1
14,14000088.75,sensor-RaplKey (PackageID 0),16.42403000000013,controlOn,1
15,15000348.0,sensor-RaplKey (PackageID 0),16.950823999999557,controlOn,1
16,15999507.25,sensor-RaplKey (PackageID 0),16.589130000000296,controlOn,1
17,16999911.25,sensor-RaplKey (PackageID 0),16.698198999998567,controlOn,1
18,17999346.25,sensor-RaplKey (PackageID 0),16.65114100000028,controlOn,1
19,19000399.5,sensor-RaplKey (PackageID 0),16.950458000001163,controlOn,1
20,19999696.0,sensor-RaplKey (PackageID 0),16.16359299999931,controlOn,1
21,20999229.0,sensor-RaplKey (PackageID 0),15.773031000000628,controlOn,1
0,1938894.75,actionType,initialDecision,controlOn,1
1,2936890.5,actionType,initialDecision,controlOn,1
2,3999677.0,actionType,referenceMeasurementDecision,controlOn,1
3,4999379.25,actionType,innerDecision,controlOn,1
4,5999496.25,actionType,innerDecision,controlOn,1
5,6999092.5,actionType,innerDecision,controlOn,1
6,8000173.75,actionType,innerDecision,controlOn,1
7,8999772.25,actionType,innerDecision,controlOn,1
8,9999498.75,actionType,innerDecision,controlOn,1
9,11001710.0,actionType,innerDecision,controlOn,1
10,12000122.75,actionType,innerDecision,controlOn,1
11,13001343.0,actionType,innerDecision,controlOn,1
12,14000088.75,actionType,innerDecision,controlOn,1
13,15000348.0,actionType,referenceMeasurementDecision,controlOn,1
14,15999507.25,actionType,innerDecision,controlOn,1
15,16999911.25,actionType,innerDecision,controlOn,1
16,17999346.25,actionType,innerDecision,controlOn,1
17,19000399.5,actionType,innerDecision,controlOn,1
18,19999696.0,actionType,innerDecision,controlOn,1
19,20999229.0,actionType,innerDecision,controlOn,1
0,1938894.75,RaplKey (PackageID 0)(action),210,controlOn,1
1,2936890.5,RaplKey (PackageID 0)(action),120,controlOn,1
2,3999677.0,RaplKey (PackageID 0)(action),200,controlOn,1
3,4999379.25,RaplKey (PackageID 0)(action),60,controlOn,1
4,5999496.25,RaplKey (PackageID 0)(action),110,controlOn,1
5,6999092.5,RaplKey (PackageID 0)(action),180,controlOn,1
6,8000173.75,RaplKey (PackageID 0)(action),60,controlOn,1
7,8999772.25,RaplKey (PackageID 0)(action),110,controlOn,1
8,9999498.75,RaplKey (PackageID 0)(action),180,controlOn,1
9,11001710.0,RaplKey (PackageID 0)(action),75,controlOn,1
10,12000122.75,RaplKey (PackageID 0)(action),100,controlOn,1
11,13001343.0,RaplKey (PackageID 0)(action),150,controlOn,1
12,14000088.75,RaplKey (PackageID 0)(action),75,controlOn,1
13,15000348.0,RaplKey (PackageID 0)(action),200,controlOn,1
14,15999507.25,RaplKey (PackageID 0)(action),210,controlOn,1
15,16999911.25,RaplKey (PackageID 0)(action),100,controlOn,1
16,17999346.25,RaplKey (PackageID 0)(action),120,controlOn,1
17,19000399.5,RaplKey (PackageID 0)(action),150,controlOn,1
18,19999696.0,RaplKey (PackageID 0)(action),210,controlOn,1
19,20999229.0,RaplKey (PackageID 0)(action),100,controlOn,1
0,1938894.75,6e-05-probability,0.1111111111111111,controlOn,1
1,1938894.75,6e-05-probability,0.1111111111111111,controlOn,1
2,2936890.5,6e-05-probability,0.1111111111111111,controlOn,1
3,2936890.5,6e-05-probability,0.1111111111111111,controlOn,1
4,3999677.0,6e-05-probability,0.1111111111111111,controlOn,1
5,3999677.0,6e-05-probability,0.1111111111111111,controlOn,1
6,4999379.25,6e-05-probability,0.12399259718233287,controlOn,1
7,4999379.25,6e-05-probability,0.12399259718233287,controlOn,1
8,5999496.25,6e-05-probability,0.02725401592174527,controlOn,1
9,5999496.25,6e-05-probability,0.02725401592174527,controlOn,1
10,6999092.5,6e-05-probability,0.0404641025680245,controlOn,1
11,6999092.5,6e-05-probability,0.0404641025680245,controlOn,1
12,8000173.75,6e-05-probability,0.05233791158566129,controlOn,1
13,8000173.75,6e-05-probability,0.05233791158566129,controlOn,1
14,8999772.25,6e-05-probability,0.004820020199286175,controlOn,1
15,8999772.25,6e-05-probability,0.004820020199286175,controlOn,1
16,9999498.75,6e-05-probability,0.006960136565298514,controlOn,1
17,9999498.75,6e-05-probability,0.006960136565298514,controlOn,1
18,11001710.0,6e-05-probability,0.009422835516276259,controlOn,1
19,11001710.0,6e-05-probability,0.009422835516276259,controlOn,1
20,12000122.75,6e-05-probability,0.012350957241622017,controlOn,1
21,12000122.75,6e-05-probability,0.012350957241622017,controlOn,1
22,13001343.0,6e-05-probability,0.015528856029574803,controlOn,1
23,13001343.0,6e-05-probability,0.015528856029574803,controlOn,1
24,14000088.75,6e-05-probability,0.01891259173156656,controlOn,1
25,14000088.75,6e-05-probability,0.01891259173156656,controlOn,1
26,15000348.0,6e-05-probability,0.01891259173156656,controlOn,1
27,15000348.0,6e-05-probability,0.01891259173156656,controlOn,1
28,15999507.25,6e-05-probability,0.022342196647346116,controlOn,1
29,15999507.25,6e-05-probability,0.022342196647346116,controlOn,1
30,16999911.25,6e-05-probability,0.026073259582283136,controlOn,1
31,16999911.25,6e-05-probability,0.026073259582283136,controlOn,1
32,17999346.25,6e-05-probability,0.029816266794280687,controlOn,1
33,17999346.25,6e-05-probability,0.029816266794280687,controlOn,1
34,19000399.5,6e-05-probability,0.033526660749526746,controlOn,1
35,19000399.5,6e-05-probability,0.033526660749526746,controlOn,1
36,19999696.0,6e-05-probability,0.03754895885624246,controlOn,1
37,19999696.0,6e-05-probability,0.03754895885624246,controlOn,1
38,20999229.0,6e-05-probability,0.041682730607066794,controlOn,1
39,20999229.0,6e-05-probability,0.041682730607066794,controlOn,1
0,1938894.75,6e-05-cumulativeLoss,0.0,controlOn,1
1,1938894.75,6e-05-cumulativeLoss,0.0,controlOn,1
2,2936890.5,6e-05-cumulativeLoss,0.0,controlOn,1
3,2936890.5,6e-05-cumulativeLoss,0.0,controlOn,1
4,3999677.0,6e-05-cumulativeLoss,0.0,controlOn,1
5,3999677.0,6e-05-cumulativeLoss,0.0,controlOn,1
6,4999379.25,6e-05-cumulativeLoss,0.0,controlOn,1
7,4999379.25,6e-05-cumulativeLoss,0.0,controlOn,1
8,5999496.25,6e-05-cumulativeLoss,3.5031440252942185,controlOn,1
9,5999496.25,6e-05-cumulativeLoss,3.5031440252942185,controlOn,1
10,6999092.5,6e-05-cumulativeLoss,3.5031440252942185,controlOn,1
11,6999092.5,6e-05-cumulativeLoss,3.5031440252942185,controlOn,1
12,8000173.75,6e-05-cumulativeLoss,3.5031440252942185,controlOn,1
13,8000173.75,6e-05-cumulativeLoss,3.5031440252942185,controlOn,1
14,8999772.25,6e-05-cumulativeLoss,11.795233274780045,controlOn,1
15,8999772.25,6e-05-cumulativeLoss,11.795233274780045,controlOn,1
16,9999498.75,6e-05-cumulativeLoss,11.795233274780045,controlOn,1
17,9999498.75,6e-05-cumulativeLoss,11.795233274780045,controlOn,1
18,11001710.0,6e-05-cumulativeLoss,11.795233274780045,controlOn,1
19,11001710.0,6e-05-cumulativeLoss,11.795233274780045,controlOn,1
20,12000122.75,6e-05-cumulativeLoss,11.795233274780045,controlOn,1
21,12000122.75,6e-05-cumulativeLoss,11.795233274780045,controlOn,1
22,13001343.0,6e-05-cumulativeLoss,11.795233274780045,controlOn,1
23,13001343.0,6e-05-cumulativeLoss,11.795233274780045,controlOn,1
24,14000088.75,6e-05-cumulativeLoss,11.795233274780045,controlOn,1
25,14000088.75,6e-05-cumulativeLoss,11.795233274780045,controlOn,1
26,15000348.0,6e-05-cumulativeLoss,11.795233274780045,controlOn,1
27,15000348.0,6e-05-cumulativeLoss,11.795233274780045,controlOn,1
28,15999507.25,6e-05-cumulativeLoss,11.795233274780045,controlOn,1
29,15999507.25,6e-05-cumulativeLoss,11.795233274780045,controlOn,1
30,16999911.25,6e-05-cumulativeLoss,11.795233274780045,controlOn,1
31,16999911.25,6e-05-cumulativeLoss,11.795233274780045,controlOn,1
32,17999346.25,6e-05-cumulativeLoss,11.795233274780045,controlOn,1
33,17999346.25,6e-05-cumulativeLoss,11.795233274780045,controlOn,1
34,19000399.5,6e-05-cumulativeLoss,11.795233274780045,controlOn,1
35,19000399.5,6e-05-cumulativeLoss,11.795233274780045,controlOn,1
36,19999696.0,6e-05-cumulativeLoss,11.795233274780045,controlOn,1
37,19999696.0,6e-05-cumulativeLoss,11.795233274780045,controlOn,1
38,20999229.0,6e-05-cumulativeLoss,11.795233274780045,controlOn,1
39,20999229.0,6e-05-cumulativeLoss,11.795233274780045,controlOn,1
0,1938894.75,7.5e-05-probability,0.1111111111111111,controlOn,1
1,2936890.5,7.5e-05-probability,0.1111111111111111,controlOn,1
2,3999677.0,7.5e-05-probability,0.1111111111111111,controlOn,1
3,4999379.25,7.5e-05-probability,0.12399259718233287,controlOn,1
4,5999496.25,7.5e-05-probability,0.15387010805885173,controlOn,1
5,6999092.5,7.5e-05-probability,0.1662837413066044,controlOn,1
6,8000173.75,7.5e-05-probability,0.17797760278349198,controlOn,1
7,8999772.25,7.5e-05-probability,0.19224182550428942,controlOn,1
8,9999498.75,7.5e-05-probability,0.2013449090613868,controlOn,1
9,11001710.0,7.5e-05-probability,0.21237515847151323,controlOn,1
10,12000122.75,7.5e-05-probability,0.13732871765780594,controlOn,1
11,13001343.0,7.5e-05-probability,0.1504440420955955,controlOn,1
12,14000088.75,7.5e-05-probability,0.16307080782269695,controlOn,1
13,15000348.0,7.5e-05-probability,0.16307080782269695,controlOn,1
14,15999507.25,7.5e-05-probability,0.09961782570873447,controlOn,1
15,16999911.25,7.5e-05-probability,0.10908567390453187,controlOn,1
16,17999346.25,7.5e-05-probability,0.11793445431040987,controlOn,1
17,19000399.5,7.5e-05-probability,0.1261404896499779,controlOn,1
18,19999696.0,7.5e-05-probability,0.13506696672568955,controlOn,1
19,20999229.0,7.5e-05-probability,0.14396391285575638,controlOn,1
0,1938894.75,7.5e-05-cumulativeLoss,0.0,controlOn,1
1,2936890.5,7.5e-05-cumulativeLoss,0.0,controlOn,1
2,3999677.0,7.5e-05-cumulativeLoss,0.0,controlOn,1
3,4999379.25,7.5e-05-cumulativeLoss,0.0,controlOn,1
4,5999496.25,7.5e-05-cumulativeLoss,0.0,controlOn,1
5,6999092.5,7.5e-05-cumulativeLoss,0.0,controlOn,1
6,8000173.75,7.5e-05-cumulativeLoss,0.0,controlOn,1
7,8999772.25,7.5e-05-cumulativeLoss,0.0,controlOn,1
8,9999498.75,7.5e-05-cumulativeLoss,0.0,controlOn,1
9,11001710.0,7.5e-05-cumulativeLoss,0.0,controlOn,1
10,12000122.75,7.5e-05-cumulativeLoss,2.0456372634480133,controlOn,1
11,13001343.0,7.5e-05-cumulativeLoss,2.0456372634480133,controlOn,1
12,14000088.75,7.5e-05-cumulativeLoss,2.0456372634480133,controlOn,1
13,15000348.0,7.5e-05-cumulativeLoss,2.0456372634480133,controlOn,1
14,15999507.25,7.5e-05-cumulativeLoss,4.699993771392871,controlOn,1
15,16999911.25,7.5e-05-cumulativeLoss,4.699993771392871,controlOn,1
16,17999346.25,7.5e-05-cumulativeLoss,4.699993771392871,controlOn,1
17,19000399.5,7.5e-05-cumulativeLoss,4.699993771392871,controlOn,1
18,19999696.0,7.5e-05-cumulativeLoss,4.699993771392871,controlOn,1
19,20999229.0,7.5e-05-cumulativeLoss,4.699993771392871,controlOn,1
0,1938894.75,0.0001-probability,0.1111111111111111,controlOn,1
1,2936890.5,0.0001-probability,0.1111111111111111,controlOn,1
2,3999677.0,0.0001-probability,0.1111111111111111,controlOn,1
3,4999379.25,0.0001-probability,0.12399259718233287,controlOn,1
4,5999496.25,0.0001-probability,0.15387010805885173,controlOn,1
5,6999092.5,0.0001-probability,0.1662837413066044,controlOn,1
6,8000173.75,0.0001-probability,0.17797760278349198,controlOn,1
7,8999772.25,0.0001-probability,0.19224182550428942,controlOn,1
8,9999498.75,0.0001-probability,0.2013449090613868,controlOn,1
9,11001710.0,0.0001-probability,0.21237515847151323,controlOn,1
10,12000122.75,0.0001-probability,0.22763726858925915,controlOn,1
11,13001343.0,0.0001-probability,0.15539109398259873,controlOn,1
12,14000088.75,0.0001-probability,0.1681536488452382,controlOn,1
13,15000348.0,0.0001-probability,0.1681536488452382,controlOn,1
14,15999507.25,0.0001-probability,0.17943997415929655,controlOn,1
15,16999911.25,0.0001-probability,0.1916324215823162,controlOn,1
16,17999346.25,0.0001-probability,0.13074657811920912,controlOn,1
17,19000399.5,0.0001-probability,0.1393204534987509,controlOn,1
18,19999696.0,0.0001-probability,0.14867776455875095,controlOn,1
19,20999229.0,0.0001-probability,0.1579888611294752,controlOn,1
0,1938894.75,0.0001-cumulativeLoss,0.0,controlOn,1
1,2936890.5,0.0001-cumulativeLoss,0.0,controlOn,1
2,3999677.0,0.0001-cumulativeLoss,0.0,controlOn,1
3,4999379.25,0.0001-cumulativeLoss,0.0,controlOn,1
4,5999496.25,0.0001-cumulativeLoss,0.0,controlOn,1
5,6999092.5,0.0001-cumulativeLoss,0.0,controlOn,1
6,8000173.75,0.0001-cumulativeLoss,0.0,controlOn,1
7,8999772.25,0.0001-cumulativeLoss,0.0,controlOn,1
8,9999498.75,0.0001-cumulativeLoss,0.0,controlOn,1
9,11001710.0,0.0001-cumulativeLoss,0.0,controlOn,1
10,12000122.75,0.0001-cumulativeLoss,0.0,controlOn,1
11,13001343.0,0.0001-cumulativeLoss,1.9067324638443655,controlOn,1
12,14000088.75,0.0001-cumulativeLoss,1.9067324638443655,controlOn,1
13,15000348.0,0.0001-cumulativeLoss,1.9067324638443655,controlOn,1
14,15999507.25,0.0001-cumulativeLoss,1.9067324638443655,controlOn,1
15,16999911.25,0.0001-cumulativeLoss,1.9067324638443655,controlOn,1
16,17999346.25,0.0001-cumulativeLoss,4.167844014918067,controlOn,1
17,19000399.5,0.0001-cumulativeLoss,4.167844014918067,controlOn,1
18,19999696.0,0.0001-cumulativeLoss,4.167844014918067,controlOn,1
19,20999229.0,0.0001-cumulativeLoss,4.167844014918067,controlOn,1
0,1938894.75,0.00011-probability,0.1111111111111111,controlOn,1
1,2936890.5,0.00011-probability,0.1111111111111111,controlOn,1
2,3999677.0,0.00011-probability,0.1111111111111111,controlOn,1
3,4999379.25,0.00011-probability,0.12399259718233287,controlOn,1
4,5999496.25,0.00011-probability,0.15387010805885173,controlOn,1
5,6999092.5,0.00011-probability,0.05333873833187738,controlOn,1
6,8000173.75,0.00011-probability,0.06648381068862536,controlOn,1
7,8999772.25,0.00011-probability,0.07967949752868318,controlOn,1
8,9999498.75,0.00011-probability,0.019053242917024038,controlOn,1
9,11001710.0,0.00011-probability,0.02393812274181087,controlOn,1
10,12000122.75,0.00011-probability,0.02954321933852813,controlOn,1
11,13001343.0,0.00011-probability,0.03533744754789399,controlOn,1
12,14000088.75,0.00011-probability,0.04125929344404722,controlOn,1
13,15000348.0,0.00011-probability,0.04125929344404722,controlOn,1
14,15999507.25,0.00011-probability,0.04700359720733689,controlOn,1
15,16999911.25,0.00011-probability,0.05314339407325352,controlOn,1
16,17999346.25,0.00011-probability,0.059098282426972,controlOn,1
17,19000399.5,0.00011-probability,0.06481922458422168,controlOn,1
18,19999696.0,0.00011-probability,0.07099096009185904,controlOn,1
19,20999229.0,0.00011-probability,0.07722856168123746,controlOn,1
0,1938894.75,0.00011-cumulativeLoss,0.0,controlOn,1
1,2936890.5,0.00011-cumulativeLoss,0.0,controlOn,1
2,3999677.0,0.00011-cumulativeLoss,0.0,controlOn,1
3,4999379.25,0.00011-cumulativeLoss,0.0,controlOn,1
4,5999496.25,0.00011-cumulativeLoss,0.0,controlOn,1
5,6999092.5,0.00011-cumulativeLoss,2.8184000224015846,controlOn,1
6,8000173.75,0.00011-cumulativeLoss,2.8184000224015846,controlOn,1
7,8999772.25,0.00011-cumulativeLoss,2.8184000224015846,controlOn,1
8,9999498.75,0.00011-cumulativeLoss,8.265103973361782,controlOn,1
9,11001710.0,0.00011-cumulativeLoss,8.265103973361782,controlOn,1
10,12000122.75,0.00011-cumulativeLoss,8.265103973361782,controlOn,1
11,13001343.0,0.00011-cumulativeLoss,8.265103973361782,controlOn,1
12,14000088.75,0.00011-cumulativeLoss,8.265103973361782,controlOn,1
13,15000348.0,0.00011-cumulativeLoss,8.265103973361782,controlOn,1
14,15999507.25,0.00011-cumulativeLoss,8.265103973361782,controlOn,1
15,16999911.25,0.00011-cumulativeLoss,8.265103973361782,controlOn,1
16,17999346.25,0.00011-cumulativeLoss,8.265103973361782,controlOn,1
17,19000399.5,0.00011-cumulativeLoss,8.265103973361782,controlOn,1
18,19999696.0,0.00011-cumulativeLoss,8.265103973361782,controlOn,1
19,20999229.0,0.00011-cumulativeLoss,8.265103973361782,controlOn,1
0,1938894.75,0.00012-probability,0.1111111111111111,controlOn,1
1,2936890.5,0.00012-probability,0.1111111111111111,controlOn,1
2,3999677.0,0.00012-probability,0.1111111111111111,controlOn,1
3,4999379.25,0.00012-probability,0.008059222541337067,controlOn,1
4,5999496.25,0.00012-probability,0.022271319803399085,controlOn,1
5,6999092.5,0.00012-probability,0.03431434999905178,controlOn,1
6,8000173.75,0.00012-probability,0.04537472944685051,controlOn,1
7,8999772.25,0.00012-probability,0.05661864295944343,controlOn,1
8,9999498.75,0.00012-probability,0.06596416091931478,controlOn,1
9,11001710.0,0.00012-probability,0.07558247411983006,controlOn,1
10,12000122.75,0.00012-probability,0.08660425170803755,controlOn,1
11,13001343.0,0.00012-probability,0.0974100438841087,controlOn,1
12,14000088.75,0.00012-probability,0.10796726159864134,controlOn,1
13,15000348.0,0.00012-probability,0.10796726159864134,controlOn,1
14,15999507.25,0.00012-probability,0.1176141157515349,controlOn,1
15,16999911.25,0.00012-probability,0.12788501230069813,controlOn,1
16,17999346.25,0.00012-probability,0.13739902499319645,controlOn,1
17,19000399.5,0.00012-probability,0.08109776539736047,controlOn,1
18,19999696.0,0.00012-probability,0.088147229128777,controlOn,1
19,20999229.0,0.00012-probability,0.09523541797038142,controlOn,1
0,1938894.75,0.00012-cumulativeLoss,0.0,controlOn,1
1,2936890.5,0.00012-cumulativeLoss,0.0,controlOn,1
2,3999677.0,0.00012-cumulativeLoss,0.0,controlOn,1
3,4999379.25,0.00012-cumulativeLoss,3.9117670199999854,controlOn,1
4,5999496.25,0.00012-cumulativeLoss,3.9117670199999854,controlOn,1
5,6999092.5,0.00012-cumulativeLoss,3.9117670199999854,controlOn,1
6,8000173.75,0.00012-cumulativeLoss,3.9117670199999854,controlOn,1
7,8999772.25,0.00012-cumulativeLoss,3.9117670199999854,controlOn,1
8,9999498.75,0.00012-cumulativeLoss,3.9117670199999854,controlOn,1
9,11001710.0,0.00012-cumulativeLoss,3.9117670199999854,controlOn,1
10,12000122.75,0.00012-cumulativeLoss,3.9117670199999854,controlOn,1
11,13001343.0,0.00012-cumulativeLoss,3.9117670199999854,controlOn,1
12,14000088.75,0.00012-cumulativeLoss,3.9117670199999854,controlOn,1
13,15000348.0,0.00012-cumulativeLoss,3.9117670199999854,controlOn,1
14,15999507.25,0.00012-cumulativeLoss,3.9117670199999854,controlOn,1
15,16999911.25,0.00012-cumulativeLoss,3.9117670199999854,controlOn,1
16,17999346.25,0.00012-cumulativeLoss,3.9117670199999854,controlOn,1
17,19000399.5,0.00012-cumulativeLoss,7.065372236787052,controlOn,1
18,19999696.0,0.00012-cumulativeLoss,7.065372236787052,controlOn,1
19,20999229.0,0.00012-cumulativeLoss,7.065372236787052,controlOn,1
0,1938894.75,0.00015-probability,0.1111111111111111,controlOn,1
1,2936890.5,0.00015-probability,0.1111111111111111,controlOn,1
2,3999677.0,0.00015-probability,0.1111111111111111,controlOn,1
3,4999379.25,0.00015-probability,0.12399259718233287,controlOn,1
4,5999496.25,0.00015-probability,0.15387010805885173,controlOn,1
5,6999092.5,0.00015-probability,0.1662837413066044,controlOn,1
6,8000173.75,0.00015-probability,0.17797760278349198,controlOn,1
7,8999772.25,0.00015-probability,0.19224182550428942,controlOn,1
8,9999498.75,0.00015-probability,0.2013449090613868,controlOn,1
9,11001710.0,0.00015-probability,0.21237515847151323,controlOn,1
10,12000122.75,0.00015-probability,0.22763726858925915,controlOn,1
11,13001343.0,0.00015-probability,0.24227277210747497,controlOn,1
12,14000088.75,0.00015-probability,0.1726765945837507,controlOn,1
13,15000348.0,0.00015-probability,0.1726765945837507,controlOn,1
14,15999507.25,0.00015-probability,0.18403902865659885,controlOn,1
15,16999911.25,0.00015-probability,0.19633232729676425,controlOn,1
16,17999346.25,0.00015-probability,0.20742069324068022,controlOn,1
17,19000399.5,0.00015-probability,0.21734322666400166,controlOn,1
18,19999696.0,0.00015-probability,0.15957616023068955,controlOn,1
19,20999229.0,0.00015-probability,0.16918930465331888,controlOn,1
0,1938894.75,0.00015-cumulativeLoss,0.0,controlOn,1
1,2936890.5,0.00015-cumulativeLoss,0.0,controlOn,1
2,3999677.0,0.00015-cumulativeLoss,0.0,controlOn,1
3,4999379.25,0.00015-cumulativeLoss,0.0,controlOn,1
4,5999496.25,0.00015-cumulativeLoss,0.0,controlOn,1
5,6999092.5,0.00015-cumulativeLoss,0.0,controlOn,1
6,8000173.75,0.00015-cumulativeLoss,0.0,controlOn,1
7,8999772.25,0.00015-cumulativeLoss,0.0,controlOn,1
8,9999498.75,0.00015-cumulativeLoss,0.0,controlOn,1
9,11001710.0,0.00015-cumulativeLoss,0.0,controlOn,1
10,12000122.75,0.00015-cumulativeLoss,0.0,controlOn,1
11,13001343.0,0.00015-cumulativeLoss,0.0,controlOn,1
12,14000088.75,0.00015-cumulativeLoss,1.786614551172034,controlOn,1
13,15000348.0,0.00015-cumulativeLoss,1.786614551172034,controlOn,1
14,15999507.25,0.00015-cumulativeLoss,1.786614551172034,controlOn,1
15,16999911.25,0.00015-cumulativeLoss,1.786614551172034,controlOn,1
16,17999346.25,0.00015-cumulativeLoss,1.786614551172034,controlOn,1
17,19000399.5,0.00015-cumulativeLoss,1.786614551172034,controlOn,1
18,19999696.0,0.00015-cumulativeLoss,3.7757595207935113,controlOn,1
19,20999229.0,0.00015-cumulativeLoss,3.7757595207935113,controlOn,1
0,1938894.75,0.00018-probability,0.1111111111111111,controlOn,1
1,2936890.5,0.00018-probability,0.1111111111111111,controlOn,1
2,3999677.0,0.00018-probability,0.1111111111111111,controlOn,1
3,4999379.25,0.00018-probability,0.12399259718233287,controlOn,1
4,5999496.25,0.00018-probability,0.15387010805885173,controlOn,1
5,6999092.5,0.00018-probability,0.1662837413066044,controlOn,1
6,8000173.75,0.00018-probability,0.0715552255592337,controlOn,1
7,8999772.25,0.00018-probability,0.08509451709614337,controlOn,1
8,9999498.75,0.00018-probability,0.09568268678751692,controlOn,1
9,11001710.0,0.00018-probability,0.03213309821975382,controlOn,1
10,12000122.75,0.00018-probability,0.038910091044607055,controlOn,1
11,13001343.0,0.00018-probability,0.045814116215703575,controlOn,1
12,14000088.75,0.00018-probability,0.052783628214497155,controlOn,1
13,15000348.0,0.00018-probability,0.052783628214497155,controlOn,1
14,15999507.25,0.00018-probability,0.059447020839351584,controlOn,1
15,16999911.25,0.00018-probability,0.0665435390135171,controlOn,1
16,17999346.25,0.00018-probability,0.07335002935039128,controlOn,1
17,19000399.5,0.00018-probability,0.07982083759218056,controlOn,1
18,19999696.0,0.00018-probability,0.08680600590850393,controlOn,1
19,20999229.0,0.00018-probability,0.09383201630707162,controlOn,1
0,1938894.75,0.00018-cumulativeLoss,0.0,controlOn,1
1,2936890.5,0.00018-cumulativeLoss,0.0,controlOn,1
2,3999677.0,0.00018-cumulativeLoss,0.0,controlOn,1
3,4999379.25,0.00018-cumulativeLoss,0.0,controlOn,1
4,5999496.25,0.00018-cumulativeLoss,0.0,controlOn,1
5,6999092.5,0.00018-cumulativeLoss,0.0,controlOn,1
6,8000173.75,0.00018-cumulativeLoss,2.607997105383732,controlOn,1
7,8999772.25,0.00018-cumulativeLoss,2.607997105383732,controlOn,1
8,9999498.75,0.00018-cumulativeLoss,2.607997105383732,controlOn,1
9,11001710.0,0.00018-cumulativeLoss,7.150355274789827,controlOn,1
10,12000122.75,0.00018-cumulativeLoss,7.150355274789827,controlOn,1
11,13001343.0,0.00018-cumulativeLoss,7.150355274789827,controlOn,1
12,14000088.75,0.00018-cumulativeLoss,7.150355274789827,controlOn,1
13,15000348.0,0.00018-cumulativeLoss,7.150355274789827,controlOn,1
14,15999507.25,0.00018-cumulativeLoss,7.150355274789827,controlOn,1
15,16999911.25,0.00018-cumulativeLoss,7.150355274789827,controlOn,1
16,17999346.25,0.00018-cumulativeLoss,7.150355274789827,controlOn,1
17,19000399.5,0.00018-cumulativeLoss,7.150355274789827,controlOn,1
18,19999696.0,0.00018-cumulativeLoss,7.150355274789827,controlOn,1
19,20999229.0,0.00018-cumulativeLoss,7.150355274789827,controlOn,1
0,1938894.75,0.00021-probability,0.1111111111111111,controlOn,1
1,2936890.5,0.00021-probability,0.1111111111111111,controlOn,1
2,3999677.0,0.00021-probability,0.1111111111111111,controlOn,1
3,4999379.25,0.00021-probability,0.12399259718233287,controlOn,1
4,5999496.25,0.00021-probability,0.15387010805885173,controlOn,1
5,6999092.5,0.00021-probability,0.1662837413066044,controlOn,1
6,8000173.75,0.00021-probability,0.17797760278349198,controlOn,1
7,8999772.25,0.00021-probability,0.19224182550428942,controlOn,1
8,9999498.75,0.00021-probability,0.2013449090613868,controlOn,1
9,11001710.0,0.00021-probability,0.21237515847151323,controlOn,1
10,12000122.75,0.00021-probability,0.22763726858925915,controlOn,1
11,13001343.0,0.00021-probability,0.24227277210747497,controlOn,1
12,14000088.75,0.00021-probability,0.25626358202799543,controlOn,1
13,15000348.0,0.00021-probability,0.25626358202799543,controlOn,1
14,15999507.25,0.00021-probability,0.2681540443824543,controlOn,1
15,16999911.25,0.00021-probability,0.20323111266435243,controlOn,1
16,17999346.25,0.00021-probability,0.21441840397057957,controlOn,1
17,19000399.5,0.00021-probability,0.22440468111445339,controlOn,1
18,19999696.0,0.00021-probability,0.235636995643245,controlOn,1
19,20999229.0,0.00021-probability,0.17919646418862556,controlOn,1
0,1938894.75,0.00021-cumulativeLoss,0.0,controlOn,1
1,2936890.5,0.00021-cumulativeLoss,0.0,controlOn,1
2,3999677.0,0.00021-cumulativeLoss,0.0,controlOn,1
3,4999379.25,0.00021-cumulativeLoss,0.0,controlOn,1
4,5999496.25,0.00021-cumulativeLoss,0.0,controlOn,1
5,6999092.5,0.00021-cumulativeLoss,0.0,controlOn,1
6,8000173.75,0.00021-cumulativeLoss,0.0,controlOn,1
7,8999772.25,0.00021-cumulativeLoss,0.0,controlOn,1
8,9999498.75,0.00021-cumulativeLoss,0.0,controlOn,1
9,11001710.0,0.00021-cumulativeLoss,0.0,controlOn,1
10,12000122.75,0.00021-cumulativeLoss,0.0,controlOn,1
11,13001343.0,0.00021-cumulativeLoss,0.0,controlOn,1
12,14000088.75,0.00021-cumulativeLoss,0.0,controlOn,1
13,15000348.0,0.00021-cumulativeLoss,0.0,controlOn,1
14,15999507.25,0.00021-cumulativeLoss,0.0,controlOn,1
15,16999911.25,0.00021-cumulativeLoss,1.6154082665342195,controlOn,1
16,17999346.25,0.00021-cumulativeLoss,1.6154082665342195,controlOn,1
17,19000399.5,0.00021-cumulativeLoss,1.6154082665342195,controlOn,1
18,19999696.0,0.00021-cumulativeLoss,1.6154082665342195,controlOn,1
19,20999229.0,0.00021-cumulativeLoss,3.4468102533994887,controlOn,1
0,3938936.25,sensor-Downstream,3495318245,controlOn,1
1,4940396.75,sensor-Downstream,3475759694,controlOn,1
2,5939749.0,sensor-Downstream,3682782266,controlOn,1
3,6943951.25,sensor-Downstream,3671092939,controlOn,1
4,7945302.75,sensor-Downstream,3591437924,controlOn,1
5,8946475.0,sensor-Downstream,3701686023,controlOn,1
6,9949947.0,sensor-Downstream,3586696447,controlOn,1
7,10947649.0,sensor-Downstream,3369446378,controlOn,1
8,11944728.25,sensor-Downstream,4389161324,controlOn,1
9,12947026.25,sensor-Downstream,4777254383,controlOn,1
10,13946910.25,sensor-Downstream,4761345187,controlOn,1
11,14945706.5,sensor-Downstream,4776942432,controlOn,1
12,15948194.5,sensor-Downstream,4681938691,controlOn,1
13,16947812.0,sensor-Downstream,4602470099,controlOn,1
14,17948341.25,sensor-Downstream,4839667742,controlOn,1
15,18947906.25,sensor-Downstream,4605060318,controlOn,1
16,19948413.75,sensor-Downstream,4391801043,controlOn,1
17,20945225.25,sensor-Downstream,4752206336,controlOn,1
18,21137024.5,sensor-Downstream,4542542598,controlOn,1
0,4999379.25,constraint-0,1.0056271298138801,controlOn,1
1,5999496.25,constraint-0,1.0000000000000269,controlOn,1
2,6999092.5,constraint-0,1.0561987197610894,controlOn,1
3,8000173.75,constraint-0,1.0332814233963636,controlOn,1
4,8999772.25,constraint-0,1.033281423396368,controlOn,1
5,9999498.75,constraint-0,1.0319172678109911,controlOn,1
6,11001710.0,constraint-0,0.9694129268535385,controlOn,1
7,12000122.75,constraint-0,0.9694129268536548,controlOn,1
8,13001343.0,constraint-0,1.2627919391484204,controlOn,1
9,14000088.75,constraint-0,1.369871799600883,controlOn,1
10,15999507.25,constraint-0,1.1673256260013039,controlOn,1
11,16999911.25,constraint-0,1.128374666918997,controlOn,1
12,17999346.25,constraint-0,1.1283746669190164,controlOn,1
13,19000399.5,constraint-0,1.129009703635932,controlOn,1
14,19999696.0,constraint-0,1.0767255261791775,controlOn,1
15,20999229.0,constraint-0,1.0767255261791957,controlOn,1
0,4999379.25,objective-0,0.43464077999999834,controlOn,1
1,5999496.25,objective-0,0.4343639260000021,controlOn,1
2,6999092.5,objective-0,0.433667516000002,controlOn,1
3,8000173.75,objective-0,0.4336675160000016,controlOn,1
4,8999772.25,objective-0,0.43399063400000165,controlOn,1
5,9999498.75,objective-0,0.43399063400000193,controlOn,1
6,11001710.0,objective-0,0.434625034000002,controlOn,1
7,12000122.75,objective-0,0.4344425380000045,controlOn,1
8,13001343.0,objective-0,0.43404336999999965,controlOn,1
9,14000088.75,objective-0,0.43284806000000087,controlOn,1
10,15999507.25,objective-0,0.43284806000000076,controlOn,1
11,16999911.25,objective-0,0.4331782600000007,controlOn,1
12,17999346.25,objective-0,0.4333022820000006,controlOn,1
13,19000399.5,objective-0,0.43330228200000087,controlOn,1
14,19999696.0,objective-0,0.4323271859999994,controlOn,1
15,20999229.0,objective-0,0.4315460620000017,controlOn,1
0,4999379.25,loss,0.43464077999999834,controlOn,1
1,5999496.25,loss,0.4343639260000021,controlOn,1
2,6999092.5,loss,0.433667516000002,controlOn,1
3,8000173.75,loss,0.4336675160000016,controlOn,1
4,8999772.25,loss,0.43399063400000165,controlOn,1
5,9999498.75,loss,0.43399063400000193,controlOn,1
6,11001710.0,loss,0.434625034000002,controlOn,1
7,12000122.75,loss,0.4344425380000045,controlOn,1
8,13001343.0,loss,0.43404336999999965,controlOn,1
9,14000088.75,loss,0.43284806000000087,controlOn,1
10,15999507.25,loss,0.43284806000000076,controlOn,1
11,16999911.25,loss,0.4331782600000007,controlOn,1
12,17999346.25,loss,0.4333022820000006,controlOn,1
13,19000399.5,loss,0.43330228200000087,controlOn,1
14,19999696.0,loss,0.4323271859999994,controlOn,1
15,20999229.0,loss,0.4315460620000017,controlOn,1
